Símbolo	Nome Abreviado	Nome Completo	Tipo de Ativo	Data Mínima	Data Máxima	Visualização	Moeda	Exchange	Símbolo Subjacente	Abertura Regular	Data do Primeiro Negócio (UTC)	Dica de Preço	Abertura	Fechamento Anterior	Mínimo do Dia	Máximo do Dia	Fechamento Regular Anterior	Mínimo do Dia Regular	Máximo do Dia Regular	Mínimo em 52 Semanas	Máximo em 52 Semanas	Média de 50 Dias	Média de 200 Dias	Preço de Venda (ask)	Preço de Compra (bid)	ID do Quadro de Mensagens	Idade Máxima	Nome Completo do Fuso Horário	Nome Abreviado do Fuso Horário	UUID	Série Ativa	Colunas
USDBRL=X	USD/BRL	USD/BRL	CURRENCY	2003-12-31	2024-11-30	[0.318, 0.325, 0.319, 0.316, 0.325, 0.385, 0.361, 0.35, 0.33, 0.33, 0.33, 0.33, 0.33, 0.33, 0.33, 0.33, 0.33, 0.33, 0.33, 0.33, 0.33, 0.33, 0.33, 0.33, 0.33, 0.33, 0.33, 0.144, 0.126, 0.174, 0.142, 0.145, 0.136, 0.143, 0.135, 0.143, 0.135, 0.132, 0.131, 0.117, 0.111, 0.085, 0.087, 0.072, 0.095, 0.065, 0.041, 0.051, 0.049, 0.045, 0.028, 0.042, 0.023, 0.014, 0.007, 0.0, 0.016, 0.085, 0.127, 0.165, 0.181, 0.166, 0.191, 0.177, 0.144, 0.096, 0.095, 0.072, 0.074, 0.05, 0.033, 0.044, 0.043, 0.074, 0.058, 0.052, 0.04, 0.06, 0.054, 0.047, 0.046, 0.034, 0.036, 0.037, 0.024, 0.017, 0.023, 0.016, 0.006, 0.007, 0.002, 0.0, 0.006, 0.063, 0.03, 0.066, 0.072, 0.044, 0.032, 0.061, 0.077, 0.107, 0.122, 0.113, 0.115, 0.11, 0.111, 0.127, 0.115, 0.101, 0.098, 0.108, 0.105, 0.129, 0.15, 0.17, 0.188, 0.157, 0.147, 0.179, 0.189, 0.201, 0.18, 0.165, 0.159, 0.157, 0.149, 0.162, 0.16, 0.209, 0.199, 0.229, 0.259, 0.246, 0.319, 0.395, 0.33, 0.379, 0.368, 0.429, 0.478, 0.591, 0.541, 0.541, 0.568, 0.594, 0.57, 0.483, 0.455, 0.476, 0.397, 0.408, 0.397, 0.403, 0.389, 0.449, 0.401, 0.371, 0.366, 0.376, 0.384, 0.402, 0.413, 0.383, 0.379, 0.384, 0.409, 0.399, 0.415, 0.384, 0.4, 0.413, 0.45, 0.512, 0.545, 0.514, 0.614, 0.581, 0.506, 0.543, 0.548, 0.503, 0.514, 0.554, 0.565, 0.574, 0.535, 0.528, 0.618, 0.616, 0.575, 0.623, 0.582, 0.636, 0.693, 0.861, 0.895, 0.911, 0.911, 0.852, 0.908, 0.965, 1.0, 0.897, 0.861, 0.919, 0.941, 0.999, 0.895, 0.872, 0.805, 0.835, 0.859, 0.914, 0.968, 0.958, 0.951, 0.902, 0.853, 0.761, 0.801, 0.757, 0.858, 0.859, 0.844, 0.909, 0.884, 0.879, 0.883, 0.843, 0.863, 0.837, 0.81, 0.824, 0.781, 0.75, 0.789, 0.823, 0.826, 0.793, 0.78, 0.804, 0.808, 0.819, 0.843, 0.863, 0.934, 0.96, 0.964, 0.918, 0.996, 0.976]	BRL	CCY	BRL=X	5.768	1070236800	4.0	5.768	5.768	5.7599	5.8048	5.768	5.7599	5.8048	4.761507	5.8682	5.5822783	5.315671	5.7874	5.7854	finmb_BRL_X	86400	Europe/London	GMT	7d54f13b-191f-3066-8bba-61044ece2b5c	True	['Open', 'High', 'Low', 'Close', 'Volume', 'Dividends', 'Stock Splits']
EURBRL=X	EUR/BRL	EUR/BRL	CURRENCY	2003-12-31	2024-11-30	[0.289, 0.299, 0.297, 0.279, 0.278, 0.338, 0.328, 0.302, 0.282, 0.272, 0.305, 0.3, 0.293, 0.238, 0.245, 0.245, 0.207, 0.125, 0.107, 0.123, 0.154, 0.104, 0.112, 0.087, 0.124, 0.106, 0.073, 0.092, 0.095, 0.163, 0.124, 0.125, 0.116, 0.118, 0.114, 0.146, 0.134, 0.123, 0.131, 0.12, 0.124, 0.083, 0.089, 0.078, 0.105, 0.09, 0.068, 0.09, 0.088, 0.089, 0.077, 0.121, 0.086, 0.071, 0.067, 0.052, 0.042, 0.11, 0.115, 0.159, 0.236, 0.166, 0.176, 0.186, 0.147, 0.126, 0.121, 0.101, 0.105, 0.086, 0.083, 0.092, 0.057, 0.087, 0.056, 0.044, 0.02, 0.006, 0.0, 0.021, 0.006, 0.026, 0.04, 0.013, 0.001, 0.019, 0.017, 0.019, 0.031, 0.016, 0.013, 0.007, 0.019, 0.063, 0.043, 0.056, 0.047, 0.047, 0.017, 0.048, 0.065, 0.063, 0.083, 0.065, 0.078, 0.091, 0.094, 0.113, 0.11, 0.108, 0.086, 0.081, 0.094, 0.12, 0.145, 0.18, 0.201, 0.176, 0.174, 0.208, 0.231, 0.233, 0.214, 0.192, 0.194, 0.18, 0.173, 0.176, 0.164, 0.197, 0.182, 0.208, 0.225, 0.163, 0.231, 0.283, 0.237, 0.276, 0.283, 0.326, 0.395, 0.518, 0.444, 0.41, 0.466, 0.492, 0.467, 0.411, 0.384, 0.389, 0.307, 0.315, 0.308, 0.318, 0.289, 0.323, 0.271, 0.251, 0.238, 0.254, 0.274, 0.314, 0.345, 0.323, 0.34, 0.339, 0.357, 0.36, 0.384, 0.382, 0.388, 0.408, 0.436, 0.469, 0.496, 0.474, 0.578, 0.54, 0.436, 0.479, 0.49, 0.444, 0.447, 0.477, 0.484, 0.488, 0.469, 0.444, 0.527, 0.512, 0.491, 0.528, 0.504, 0.543, 0.598, 0.772, 0.789, 0.829, 0.849, 0.858, 0.923, 0.966, 0.996, 0.918, 0.917, 0.962, 0.991, 1.0, 0.935, 0.913, 0.81, 0.841, 0.857, 0.894, 0.963, 0.903, 0.9, 0.828, 0.792, 0.684, 0.654, 0.639, 0.703, 0.675, 0.642, 0.68, 0.673, 0.709, 0.752, 0.733, 0.726, 0.734, 0.721, 0.701, 0.674, 0.655, 0.682, 0.684, 0.691, 0.693, 0.689, 0.692, 0.697, 0.703, 0.719, 0.752, 0.809, 0.848, 0.881, 0.847, 0.888, 0.872]	BRL	CCY	EURBRL=X	6.2739	1070236800	4.0	6.2739	6.2738	6.2691	6.3253	6.2738	6.2691	6.3253	5.1778	6.3883	6.134954	5.772089	6.3163	6.3138	finmb_EURBRL_X	86400	Europe/London	GMT	0c2769c3-b02e-366e-b29c-5af701852cf7	True	['Open', 'High', 'Low', 'Close', 'Volume', 'Dividends', 'Stock Splits']
GBPBRL=X	GBP/BRL	GBP/BRL	CURRENCY	2004-08-31	2024-11-30	[0.51, 0.493, 0.506, 0.495, 0.48, 0.443, 0.455, 0.471, 0.427, 0.337, 0.308, 0.308, 0.32, 0.261, 0.276, 0.239, 0.278, 0.262, 0.223, 0.23, 0.238, 0.33, 0.274, 0.285, 0.286, 0.283, 0.287, 0.322, 0.308, 0.305, 0.303, 0.277, 0.284, 0.237, 0.251, 0.235, 0.267, 0.229, 0.203, 0.21, 0.184, 0.179, 0.152, 0.172, 0.144, 0.129, 0.12, 0.107, 0.084, 0.169, 0.158, 0.177, 0.164, 0.144, 0.163, 0.146, 0.117, 0.115, 0.116, 0.109, 0.099, 0.062, 0.052, 0.053, 0.055, 0.077, 0.044, 0.035, 0.023, 0.0, 0.033, 0.045, 0.022, 0.032, 0.039, 0.029, 0.016, 0.014, 0.028, 0.019, 0.023, 0.019, 0.001, 0.008, 0.013, 0.064, 0.038, 0.066, 0.066, 0.066, 0.032, 0.07, 0.1, 0.111, 0.129, 0.126, 0.131, 0.143, 0.137, 0.156, 0.145, 0.114, 0.087, 0.097, 0.109, 0.127, 0.154, 0.176, 0.21, 0.205, 0.18, 0.234, 0.254, 0.268, 0.249, 0.229, 0.229, 0.221, 0.224, 0.236, 0.22, 0.268, 0.244, 0.269, 0.298, 0.259, 0.361, 0.418, 0.377, 0.43, 0.44, 0.507, 0.553, 0.671, 0.624, 0.602, 0.619, 0.614, 0.558, 0.49, 0.474, 0.499, 0.34, 0.332, 0.318, 0.316, 0.257, 0.333, 0.274, 0.257, 0.249, 0.261, 0.293, 0.306, 0.329, 0.307, 0.29, 0.325, 0.338, 0.34, 0.357, 0.367, 0.371, 0.392, 0.416, 0.449, 0.468, 0.44, 0.533, 0.504, 0.403, 0.445, 0.445, 0.427, 0.453, 0.476, 0.478, 0.463, 0.429, 0.387, 0.474, 0.48, 0.486, 0.534, 0.509, 0.561, 0.603, 0.722, 0.763, 0.765, 0.763, 0.784, 0.865, 0.874, 0.916, 0.85, 0.841, 0.916, 0.965, 1.0, 0.911, 0.908, 0.803, 0.847, 0.853, 0.879, 0.973, 0.914, 0.925, 0.865, 0.816, 0.693, 0.672, 0.646, 0.697, 0.701, 0.639, 0.648, 0.671, 0.698, 0.712, 0.701, 0.694, 0.701, 0.684, 0.69, 0.667, 0.656, 0.684, 0.671, 0.669, 0.686, 0.677, 0.697, 0.696, 0.705, 0.722, 0.758, 0.82, 0.867, 0.903, 0.879, 0.916, 0.937]	BRL	CCY	GBPBRL=X	7.4741	1093474800	4.0	7.4741	7.4724	7.4731	7.5457	7.4724	7.4731	7.5457	5.959476	7.616146	7.3283253	6.811734	7.5363	7.5338	finmb_GBPBRL_X	86400	Europe/London	GMT	f30a5430-e844-358c-b05c-aa0570778522	True	['Open', 'High', 'Low', 'Close', 'Volume', 'Dividends', 'Stock Splits']
JPYBRL=X	JPY/BRL	JPY/BRL	CURRENCY	2007-05-31	2024-11-30	[0.031, 0.026, 0.026, 0.026, 0.026, 0.026, 0.037, 0.036, 0.049, 0.042, 0.074, 0.036, 0.022, 0.013, 0.0, 0.013, 0.088, 0.179, 0.236, 0.265, 0.273, 0.24, 0.215, 0.184, 0.148, 0.143, 0.128, 0.138, 0.127, 0.121, 0.14, 0.097, 0.153, 0.141, 0.111, 0.095, 0.132, 0.141, 0.144, 0.152, 0.144, 0.163, 0.144, 0.143, 0.133, 0.142, 0.126, 0.121, 0.127, 0.121, 0.137, 0.152, 0.229, 0.191, 0.225, 0.233, 0.23, 0.16, 0.187, 0.22, 0.269, 0.286, 0.284, 0.283, 0.285, 0.269, 0.27, 0.228, 0.179, 0.169, 0.167, 0.147, 0.155, 0.192, 0.215, 0.232, 0.199, 0.187, 0.199, 0.196, 0.219, 0.201, 0.183, 0.178, 0.181, 0.174, 0.18, 0.174, 0.192, 0.184, 0.17, 0.19, 0.183, 0.241, 0.304, 0.253, 0.27, 0.267, 0.311, 0.365, 0.474, 0.424, 0.411, 0.45, 0.483, 0.497, 0.429, 0.434, 0.434, 0.417, 0.414, 0.416, 0.434, 0.394, 0.398, 0.331, 0.319, 0.32, 0.335, 0.346, 0.365, 0.368, 0.349, 0.346, 0.338, 0.358, 0.355, 0.364, 0.362, 0.386, 0.405, 0.422, 0.484, 0.501, 0.468, 0.561, 0.512, 0.446, 0.477, 0.506, 0.473, 0.469, 0.508, 0.511, 0.537, 0.513, 0.5, 0.605, 0.589, 0.543, 0.582, 0.549, 0.6, 0.648, 0.823, 0.872, 0.876, 0.876, 0.852, 0.897, 0.951, 1.0, 0.903, 0.879, 0.923, 0.919, 0.927, 0.847, 0.813, 0.744, 0.783, 0.801, 0.831, 0.863, 0.852, 0.832, 0.786, 0.741, 0.603, 0.57, 0.557, 0.575, 0.59, 0.55, 0.561, 0.524, 0.576, 0.619, 0.606, 0.58, 0.583, 0.557, 0.528, 0.467, 0.467, 0.465, 0.471, 0.474, 0.462, 0.485, 0.468, 0.453, 0.456, 0.447, 0.458, 0.484, 0.547, 0.597, 0.577, 0.566, 0.555]	BRL	CCY	JPYBRL=X	0.03779	1180393200	4.0	0.03779	0.0378	0.0377	0.03806	0.0378	0.0377	0.03806	0.032011	0.040947	0.03806678	0.035110634	0.03825	0.038	finmb_JPYBRL_X	86400	Europe/London	GMT	8aa15620-2a58-3721-9367-f819d456b3ce	True	['Open', 'High', 'Low', 'Close', 'Volume', 'Dividends', 'Stock Splits']
CADBRL=X	CAD/BRL	CAD/BRL	CURRENCY	2007-05-31	2024-11-30	[0.087, 0.086, 0.086, 0.086, 0.086, 0.086, 0.085, 0.085, 0.073, 0.058, 0.058, 0.039, 0.035, 0.011, 0.0, 0.003, 0.091, 0.082, 0.109, 0.116, 0.116, 0.109, 0.097, 0.096, 0.089, 0.052, 0.067, 0.06, 0.042, 0.029, 0.041, 0.034, 0.073, 0.061, 0.074, 0.055, 0.068, 0.053, 0.059, 0.044, 0.041, 0.049, 0.052, 0.043, 0.051, 0.053, 0.048, 0.046, 0.034, 0.029, 0.038, 0.03, 0.078, 0.056, 0.086, 0.098, 0.084, 0.057, 0.098, 0.129, 0.14, 0.157, 0.167, 0.175, 0.177, 0.165, 0.191, 0.172, 0.149, 0.131, 0.148, 0.15, 0.17, 0.187, 0.225, 0.233, 0.207, 0.182, 0.216, 0.226, 0.207, 0.183, 0.162, 0.168, 0.172, 0.173, 0.174, 0.175, 0.218, 0.203, 0.23, 0.25, 0.176, 0.261, 0.334, 0.305, 0.333, 0.323, 0.35, 0.389, 0.491, 0.458, 0.413, 0.435, 0.45, 0.462, 0.409, 0.409, 0.397, 0.321, 0.318, 0.31, 0.312, 0.284, 0.342, 0.29, 0.281, 0.272, 0.273, 0.265, 0.292, 0.333, 0.325, 0.32, 0.338, 0.34, 0.327, 0.363, 0.345, 0.334, 0.34, 0.383, 0.447, 0.455, 0.438, 0.548, 0.509, 0.423, 0.451, 0.433, 0.418, 0.429, 0.452, 0.461, 0.465, 0.456, 0.445, 0.529, 0.527, 0.493, 0.534, 0.508, 0.553, 0.599, 0.701, 0.761, 0.787, 0.797, 0.76, 0.85, 0.88, 0.923, 0.849, 0.836, 0.891, 0.939, 1.0, 0.926, 0.919, 0.811, 0.839, 0.849, 0.892, 1.0, 0.942, 0.934, 0.877, 0.832, 0.753, 0.765, 0.731, 0.819, 0.827, 0.783, 0.794, 0.778, 0.771, 0.778, 0.753, 0.756, 0.735, 0.7, 0.714, 0.702, 0.667, 0.679, 0.725, 0.697, 0.679, 0.698, 0.71, 0.7, 0.714, 0.727, 0.747, 0.819, 0.83, 0.867, 0.819, 0.859, 0.842]	BRL	CCY	CADBRL=X	4.1487	1180393200	4.0	4.1487	4.1483	4.1453	4.1826	4.1483	4.1453	4.1826	3.505525	4.21368	4.086977	3.8918023	4.1788	4.1763	finmb_CADBRL_X	86400	Europe/London	GMT	d226ceff-ba31-3e61-acaf-8075a0441faa	True	['Open', 'High', 'Low', 'Close', 'Volume', 'Dividends', 'Stock Splits']
AUDBRL=X	AUD/BRL	AUD/BRL	CURRENCY	2007-05-31	2024-11-30	[0.064, 0.061, 0.061, 0.061, 0.061, 0.061, 0.059, 0.054, 0.058, 0.055, 0.067, 0.057, 0.052, 0.043, 0.025, 0.0, 0.041, 0.013, 0.037, 0.074, 0.025, 0.041, 0.065, 0.06, 0.058, 0.061, 0.054, 0.06, 0.056, 0.06, 0.067, 0.048, 0.086, 0.073, 0.077, 0.066, 0.043, 0.04, 0.065, 0.057, 0.085, 0.092, 0.086, 0.095, 0.089, 0.095, 0.093, 0.11, 0.102, 0.092, 0.106, 0.098, 0.132, 0.138, 0.149, 0.164, 0.15, 0.143, 0.164, 0.192, 0.186, 0.228, 0.248, 0.237, 0.24, 0.236, 0.263, 0.242, 0.224, 0.208, 0.235, 0.227, 0.214, 0.214, 0.224, 0.236, 0.225, 0.223, 0.235, 0.235, 0.241, 0.227, 0.224, 0.225, 0.225, 0.224, 0.232, 0.233, 0.245, 0.242, 0.253, 0.259, 0.21, 0.291, 0.359, 0.322, 0.341, 0.332, 0.355, 0.39, 0.482, 0.444, 0.428, 0.496, 0.496, 0.48, 0.454, 0.421, 0.391, 0.341, 0.357, 0.346, 0.364, 0.346, 0.397, 0.32, 0.323, 0.33, 0.337, 0.326, 0.345, 0.381, 0.368, 0.368, 0.367, 0.378, 0.353, 0.395, 0.393, 0.379, 0.381, 0.409, 0.475, 0.481, 0.456, 0.54, 0.499, 0.41, 0.475, 0.446, 0.426, 0.423, 0.456, 0.463, 0.451, 0.426, 0.404, 0.471, 0.471, 0.452, 0.48, 0.473, 0.485, 0.519, 0.603, 0.702, 0.731, 0.774, 0.774, 0.859, 0.878, 0.892, 0.852, 0.867, 0.927, 0.987, 1.0, 0.92, 0.88, 0.777, 0.789, 0.796, 0.832, 0.954, 0.871, 0.882, 0.787, 0.779, 0.728, 0.706, 0.676, 0.723, 0.745, 0.707, 0.707, 0.668, 0.708, 0.729, 0.739, 0.704, 0.676, 0.636, 0.63, 0.607, 0.584, 0.586, 0.615, 0.608, 0.614, 0.636, 0.624, 0.611, 0.625, 0.655, 0.686, 0.756, 0.761, 0.81, 0.787, 0.799, 0.781]	BRL	CCY	AUDBRL=X	3.7987	1180393200	4.0	3.7987	3.7958	3.7971	3.8446	3.7958	3.7971	3.8446	3.100433	3.855019	3.7551477	3.5206215	3.8433	3.8383	finmb_AUDBRL_X	86400	Europe/London	GMT	605c1315-a0b2-3322-8613-c2f2037a1e68	True	['Open', 'High', 'Low', 'Close', 'Volume', 'Dividends', 'Stock Splits']
CHFBRL=X	CHF/BRL	CHF/BRL	CURRENCY	2007-05-31	2024-11-30	[0.016, 0.012, 0.012, 0.012, 0.012, 0.012, 0.019, 0.018, 0.027, 0.026, 0.053, 0.024, 0.015, 0.015, 0.002, 0.0, 0.044, 0.07, 0.081, 0.129, 0.098, 0.105, 0.105, 0.082, 0.069, 0.063, 0.051, 0.055, 0.044, 0.044, 0.05, 0.034, 0.055, 0.038, 0.04, 0.023, 0.017, 0.035, 0.04, 0.045, 0.051, 0.05, 0.047, 0.056, 0.059, 0.058, 0.055, 0.064, 0.075, 0.077, 0.09, 0.088, 0.108, 0.093, 0.101, 0.097, 0.096, 0.079, 0.102, 0.116, 0.114, 0.129, 0.116, 0.126, 0.132, 0.134, 0.15, 0.147, 0.135, 0.125, 0.121, 0.128, 0.141, 0.163, 0.188, 0.203, 0.188, 0.182, 0.208, 0.228, 0.23, 0.219, 0.201, 0.203, 0.193, 0.19, 0.191, 0.187, 0.211, 0.2, 0.22, 0.233, 0.259, 0.304, 0.359, 0.321, 0.362, 0.364, 0.387, 0.433, 0.522, 0.466, 0.413, 0.488, 0.49, 0.483, 0.435, 0.41, 0.41, 0.353, 0.362, 0.35, 0.366, 0.341, 0.374, 0.332, 0.321, 0.309, 0.322, 0.332, 0.359, 0.382, 0.339, 0.348, 0.347, 0.353, 0.351, 0.368, 0.372, 0.383, 0.382, 0.39, 0.442, 0.462, 0.443, 0.542, 0.508, 0.424, 0.461, 0.476, 0.43, 0.434, 0.472, 0.462, 0.478, 0.47, 0.454, 0.531, 0.524, 0.493, 0.525, 0.516, 0.56, 0.609, 0.76, 0.773, 0.798, 0.813, 0.811, 0.866, 0.898, 0.935, 0.856, 0.853, 0.898, 0.895, 0.899, 0.85, 0.837, 0.755, 0.799, 0.807, 0.835, 0.912, 0.888, 0.893, 0.828, 0.792, 0.713, 0.696, 0.673, 0.764, 0.764, 0.731, 0.784, 0.742, 0.782, 0.82, 0.783, 0.789, 0.792, 0.791, 0.789, 0.758, 0.767, 0.785, 0.778, 0.796, 0.796, 0.821, 0.824, 0.807, 0.789, 0.8, 0.827, 0.899, 0.943, 0.998, 0.964, 1.0, 0.977]	BRL	CCY	CHFBRL=X	6.674	1180393200	4.0	6.674	6.6719	6.6645	6.7291	6.6719	6.6645	6.7291	5.377214	6.876119	6.528382	6.0291395	6.7079	6.7054	finmb_CHFBRL_X	86400	Europe/London	GMT	04284014-a2c8-32c5-864d-04fb282d62fc	True	['Open', 'High', 'Low', 'Close', 'Volume', 'Dividends', 'Stock Splits']
MXNBRL=X	MXN/BRL	MXN/BRL	CURRENCY	2007-05-31	2024-11-30	[0.289, 0.281, 0.281, 0.281, 0.281, 0.281, 0.202, 0.196, 0.197, 0.166, 0.206, 0.175, 0.168, 0.154, 0.161, 0.176, 0.268, 0.234, 0.252, 0.216, 0.191, 0.168, 0.194, 0.168, 0.123, 0.123, 0.079, 0.073, 0.025, 0.033, 0.046, 0.02, 0.093, 0.078, 0.097, 0.078, 0.075, 0.07, 0.066, 0.036, 0.051, 0.06, 0.057, 0.039, 0.064, 0.054, 0.052, 0.057, 0.057, 0.034, 0.038, 0.0, 0.047, 0.01, 0.029, 0.036, 0.036, 0.027, 0.085, 0.08, 0.084, 0.141, 0.148, 0.146, 0.173, 0.157, 0.194, 0.172, 0.161, 0.154, 0.201, 0.209, 0.211, 0.233, 0.288, 0.277, 0.236, 0.23, 0.28, 0.299, 0.297, 0.268, 0.248, 0.242, 0.258, 0.235, 0.243, 0.245, 0.302, 0.289, 0.316, 0.296, 0.273, 0.373, 0.471, 0.374, 0.442, 0.4, 0.448, 0.483, 0.621, 0.583, 0.542, 0.563, 0.529, 0.503, 0.453, 0.417, 0.369, 0.267, 0.261, 0.251, 0.221, 0.234, 0.225, 0.167, 0.13, 0.162, 0.229, 0.222, 0.261, 0.312, 0.273, 0.284, 0.268, 0.245, 0.266, 0.228, 0.236, 0.253, 0.305, 0.327, 0.341, 0.382, 0.414, 0.503, 0.482, 0.318, 0.353, 0.393, 0.367, 0.376, 0.415, 0.449, 0.449, 0.402, 0.4, 0.446, 0.471, 0.456, 0.49, 0.475, 0.551, 0.577, 0.507, 0.545, 0.649, 0.599, 0.598, 0.673, 0.693, 0.801, 0.779, 0.748, 0.79, 0.768, 0.857, 0.777, 0.754, 0.687, 0.719, 0.727, 0.764, 0.837, 0.733, 0.811, 0.731, 0.711, 0.63, 0.638, 0.648, 0.727, 0.716, 0.71, 0.787, 0.784, 0.82, 0.807, 0.812, 0.87, 0.862, 0.831, 0.882, 0.874, 0.867, 0.912, 0.893, 0.851, 0.872, 0.881, 0.901, 0.912, 0.974, 0.968, 1.0, 0.961, 0.964, 0.873, 0.831, 0.887, 0.877]	BRL	CCY	MXNBRL=X	0.28675	1180393200	4.0	0.28675	0.2867	0.28549	0.2881	0.2867	0.28549	0.2881	0.27494	0.312105	0.2834836	0.2947366	0.28785	0.28735	finmb_MXNBRL_X	86400	Europe/London	GMT	f0549728-5fd5-3ef1-8882-32d0547a2070	True	['Open', 'High', 'Low', 'Close', 'Volume', 'Dividends', 'Stock Splits']
HKDBRL=X	HKD/BRL	HKD/BRL	CURRENCY	2007-05-31	2024-11-30	[0.084, 0.079, 0.079, 0.079, 0.079, 0.079, 0.053, 0.052, 0.045, 0.029, 0.045, 0.024, 0.014, 0.008, 0.0, 0.017, 0.086, 0.14, 0.179, 0.176, 0.18, 0.194, 0.178, 0.147, 0.097, 0.097, 0.075, 0.076, 0.052, 0.048, 0.045, 0.039, 0.076, 0.059, 0.053, 0.04, 0.06, 0.055, 0.048, 0.047, 0.035, 0.037, 0.04, 0.024, 0.029, 0.023, 0.016, 0.007, 0.008, 0.002, 0.0, 0.006, 0.062, 0.033, 0.066, 0.073, 0.069, 0.033, 0.063, 0.079, 0.108, 0.123, 0.115, 0.117, 0.112, 0.113, 0.129, 0.117, 0.102, 0.1, 0.108, 0.107, 0.131, 0.152, 0.172, 0.19, 0.159, 0.149, 0.181, 0.191, 0.202, 0.181, 0.162, 0.161, 0.159, 0.152, 0.164, 0.162, 0.21, 0.201, 0.231, 0.261, 0.248, 0.32, 0.396, 0.332, 0.38, 0.37, 0.431, 0.48, 0.593, 0.543, 0.514, 0.57, 0.59, 0.561, 0.484, 0.456, 0.475, 0.399, 0.409, 0.398, 0.403, 0.391, 0.449, 0.402, 0.372, 0.367, 0.376, 0.382, 0.399, 0.409, 0.368, 0.373, 0.38, 0.406, 0.395, 0.41, 0.378, 0.394, 0.405, 0.44, 0.503, 0.535, 0.504, 0.602, 0.574, 0.496, 0.536, 0.541, 0.494, 0.504, 0.544, 0.555, 0.563, 0.529, 0.521, 0.607, 0.604, 0.565, 0.614, 0.579, 0.634, 0.688, 0.861, 0.895, 0.911, 0.911, 0.853, 0.908, 0.966, 1.0, 0.897, 0.861, 0.92, 0.94, 0.995, 0.894, 0.867, 0.804, 0.832, 0.853, 0.908, 0.964, 0.95, 0.943, 0.896, 0.854, 0.751, 0.787, 0.743, 0.844, 0.844, 0.83, 0.894, 0.87, 0.87, 0.876, 0.83, 0.848, 0.823, 0.796, 0.812, 0.769, 0.743, 0.77, 0.813, 0.816, 0.781, 0.767, 0.793, 0.797, 0.808, 0.831, 0.853, 0.926, 0.951, 0.955, 0.915, 0.992, 0.974]	BRL	CCY	HKDBRL=X	0.74194	1180393200	4.0	0.74194	0.74195	0.74076	0.74612	0.74195	0.74076	0.74612	0.60951	0.749584	0.71647257	0.6801825	0.74531	0.74481	finmb_HKDBRL_X	86400	Europe/London	GMT	52554138-1970-30a4-a94d-253c8ae943ed	True	['Open', 'High', 'Low', 'Close', 'Volume', 'Dividends', 'Stock Splits']
AUDUSD=X	AUD/USD	AUD/USD	CURRENCY	2006-05-31	2024-11-30	[0.281, 0.261, 0.308, 0.303, 0.268, 0.327, 0.355, 0.356, 0.329, 0.352, 0.398, 0.441, 0.438, 0.479, 0.487, 0.413, 0.557, 0.652, 0.556, 0.533, 0.577, 0.648, 0.615, 0.677, 0.703, 0.706, 0.67, 0.496, 0.364, 0.108, 0.077, 0.183, 0.045, 0.052, 0.155, 0.227, 0.381, 0.392, 0.453, 0.468, 0.552, 0.588, 0.622, 0.583, 0.554, 0.578, 0.618, 0.637, 0.475, 0.465, 0.595, 0.569, 0.73, 0.737, 0.712, 0.826, 0.767, 0.823, 0.859, 0.987, 0.939, 0.936, 1.0, 0.933, 0.744, 0.933, 0.797, 0.822, 0.914, 0.959, 0.871, 0.887, 0.732, 0.8, 0.896, 0.851, 0.884, 0.869, 0.882, 0.874, 0.88, 0.841, 0.88, 0.864, 0.725, 0.644, 0.601, 0.571, 0.648, 0.683, 0.603, 0.569, 0.544, 0.578, 0.64, 0.643, 0.65, 0.672, 0.653, 0.66, 0.527, 0.55, 0.488, 0.417, 0.334, 0.339, 0.308, 0.378, 0.308, 0.311, 0.233, 0.201, 0.173, 0.191, 0.21, 0.231, 0.19, 0.199, 0.309, 0.303, 0.213, 0.269, 0.278, 0.281, 0.302, 0.296, 0.272, 0.221, 0.289, 0.312, 0.308, 0.269, 0.267, 0.314, 0.376, 0.36, 0.347, 0.316, 0.289, 0.336, 0.4, 0.336, 0.314, 0.291, 0.29, 0.244, 0.256, 0.226, 0.214, 0.193, 0.239, 0.181, 0.225, 0.203, 0.189, 0.183, 0.153, 0.173, 0.146, 0.117, 0.123, 0.151, 0.124, 0.172, 0.112, 0.085, 0.0, 0.08, 0.096, 0.146, 0.214, 0.249, 0.202, 0.18, 0.255, 0.315, 0.311, 0.352, 0.298, 0.333, 0.319, 0.278, 0.254, 0.232, 0.209, 0.282, 0.202, 0.224, 0.172, 0.211, 0.276, 0.195, 0.212, 0.147, 0.172, 0.142, 0.071, 0.048, 0.107, 0.124, 0.184, 0.119, 0.113, 0.096, 0.072, 0.093, 0.102, 0.064, 0.054, 0.042, 0.093, 0.136, 0.088, 0.067, 0.072, 0.081, 0.095, 0.1, 0.077, 0.13, 0.155, 0.084, 0.088]	USD	CCY	AUDUSD=X	0.65884835	1147734000	4.0	0.65884835	0.6587181	0.657977	0.6639225	0.6587181	0.657977	0.6639225	0.6339699	0.7092299	0.673567	0.6627923	0.663152	0.66327953	finmb_AUD_X	86400	Europe/London	GMT	d50602b4-634f-3614-87e6-368536991c7f	True	['Open', 'High', 'Low', 'Close', 'Volume', 'Dividends', 'Stock Splits']
BRLEUR=X	BRL/EUR	BRL/EUR	CURRENCY	2007-05-31	2024-11-30	[0.853, 0.0, 0.0, 0.0, 0.0, 0.0, 0.843, 0.846, 0.845, 0.862, 0.799, 0.849, 0.872, 0.878, 0.903, 0.919, 0.814, 0.807, 0.752, 0.667, 0.744, 0.733, 0.722, 0.766, 0.793, 0.8, 0.827, 0.821, 0.849, 0.853, 0.84, 0.863, 0.847, 0.896, 0.916, 0.96, 0.988, 1.0, 0.959, 0.989, 0.949, 0.924, 0.974, 0.999, 0.962, 0.966, 0.961, 0.939, 0.968, 0.974, 0.988, 0.963, 0.885, 0.903, 0.896, 0.912, 0.912, 0.966, 0.909, 0.882, 0.884, 0.853, 0.881, 0.86, 0.841, 0.838, 0.81, 0.814, 0.817, 0.848, 0.857, 0.837, 0.801, 0.769, 0.728, 0.706, 0.722, 0.735, 0.699, 0.676, 0.674, 0.693, 0.706, 0.714, 0.728, 0.736, 0.732, 0.746, 0.71, 0.727, 0.699, 0.682, 0.747, 0.676, 0.63, 0.671, 0.636, 0.63, 0.597, 0.55, 0.482, 0.52, 0.552, 0.509, 0.495, 0.503, 0.54, 0.557, 0.553, 0.611, 0.605, 0.61, 0.602, 0.626, 0.599, 0.641, 0.658, 0.67, 0.655, 0.638, 0.606, 0.583, 0.599, 0.586, 0.588, 0.575, 0.573, 0.557, 0.558, 0.554, 0.542, 0.525, 0.507, 0.493, 0.504, 0.455, 0.471, 0.525, 0.502, 0.496, 0.52, 0.519, 0.503, 0.499, 0.497, 0.507, 0.521, 0.478, 0.484, 0.495, 0.477, 0.489, 0.471, 0.446, 0.384, 0.379, 0.367, 0.362, 0.359, 0.342, 0.332, 0.326, 0.344, 0.344, 0.333, 0.327, 0.324, 0.34, 0.344, 0.373, 0.364, 0.359, 0.35, 0.333, 0.347, 0.348, 0.367, 0.378, 0.413, 0.424, 0.43, 0.406, 0.416, 0.428, 0.415, 0.417, 0.404, 0.39, 0.396, 0.399, 0.396, 0.401, 0.407, 0.417, 0.423, 0.412, 0.414, 0.411, 0.409, 0.41, 0.41, 0.409, 0.407, 0.401, 0.39, 0.373, 0.362, 0.352, 0.362, 0.351, 0.353]	EUR	CCY	BRLEUR=X	0.15911	1180393200	4.0	0.15911	0.15911	0.15781	0.15923	0.15911	0.15781	0.15923	0.1559	0.192619	0.16250274	0.17326981	0.15877	0.15827	finmb_BRLEUR_X	86400	Europe/London	GMT	583231e3-903e-3a6f-8c90-9a2c77e0a934	True	['Open', 'High', 'Low', 'Close', 'Volume', 'Dividends', 'Stock Splits']
BRLUSD=X	BRL/USD	BRL/USD	CURRENCY	2003-12-31	2024-11-30	[0.367, 0.36, 0.366, 0.369, 0.36, 0.301, 0.323, 0.335, 0.355, 0.355, 0.355, 0.355, 0.355, 0.355, 0.355, 0.355, 0.355, 0.355, 0.355, 0.355, 0.355, 0.355, 0.355, 0.355, 0.355, 0.355, 0.355, 0.617, 0.652, 0.561, 0.62, 0.615, 0.633, 0.619, 0.633, 0.618, 0.634, 0.639, 0.641, 0.671, 0.685, 0.745, 0.74, 0.777, 0.72, 0.797, 0.862, 0.835, 0.841, 0.851, 0.905, 0.86, 0.92, 0.949, 0.975, 1.0, 0.942, 0.743, 0.65, 0.578, 0.551, 0.575, 0.533, 0.557, 0.616, 0.719, 0.72, 0.778, 0.772, 0.837, 0.887, 0.854, 0.858, 0.772, 0.815, 0.832, 0.868, 0.809, 0.825, 0.847, 0.849, 0.886, 0.879, 0.876, 0.917, 0.939, 0.919, 0.944, 0.979, 0.973, 0.993, 0.999, 0.979, 0.801, 0.898, 0.792, 0.777, 0.855, 0.89, 0.805, 0.764, 0.692, 0.66, 0.679, 0.676, 0.685, 0.684, 0.651, 0.676, 0.706, 0.714, 0.69, 0.697, 0.645, 0.604, 0.569, 0.538, 0.593, 0.611, 0.554, 0.537, 0.518, 0.553, 0.578, 0.588, 0.592, 0.606, 0.583, 0.586, 0.505, 0.521, 0.476, 0.436, 0.453, 0.366, 0.293, 0.354, 0.307, 0.317, 0.265, 0.228, 0.157, 0.186, 0.187, 0.171, 0.156, 0.169, 0.225, 0.245, 0.23, 0.291, 0.282, 0.291, 0.286, 0.298, 0.249, 0.288, 0.314, 0.319, 0.31, 0.302, 0.287, 0.278, 0.303, 0.307, 0.302, 0.281, 0.289, 0.276, 0.303, 0.288, 0.277, 0.248, 0.205, 0.184, 0.204, 0.145, 0.163, 0.209, 0.185, 0.182, 0.211, 0.204, 0.179, 0.172, 0.167, 0.19, 0.194, 0.143, 0.144, 0.166, 0.141, 0.163, 0.134, 0.107, 0.042, 0.031, 0.026, 0.026, 0.045, 0.027, 0.01, 0.0, 0.03, 0.042, 0.023, 0.017, 0.0, 0.031, 0.038, 0.062, 0.051, 0.043, 0.025, 0.009, 0.012, 0.014, 0.029, 0.044, 0.078, 0.063, 0.08, 0.043, 0.043, 0.047, 0.026, 0.034, 0.036, 0.035, 0.048, 0.041, 0.05, 0.06, 0.055, 0.07, 0.083, 0.067, 0.055, 0.054, 0.066, 0.071, 0.062, 0.06, 0.056, 0.048, 0.041, 0.019, 0.011, 0.01, 0.023, 0.001, 0.007]	USD	CCY	BRLUSD=X	0.17337032	1070236800	4.0	0.17337032	0.17337032	0.17227122	0.17361413	0.17337032	0.17227122	0.17361413	0.17041	0.21001755	0.17913833	0.188123	0.17284292	0.17290269	finmb_BRL_X	86400	Europe/London	GMT	7d54f13b-191f-3066-8bba-61044ece2b5c	True	['Open', 'High', 'Low', 'Close', 'Volume', 'Dividends', 'Stock Splits']
EURCAD=X	EUR/CAD	EUR/CAD	CURRENCY	2003-12-31	2024-11-30	[0.855, 0.893, 0.926, 0.811, 0.875, 0.916, 0.834, 0.783, 0.781, 0.719, 0.695, 0.742, 0.846, 0.824, 0.853, 0.718, 0.827, 0.666, 0.533, 0.505, 0.504, 0.36, 0.399, 0.313, 0.307, 0.328, 0.271, 0.393, 0.385, 0.385, 0.421, 0.456, 0.393, 0.391, 0.431, 0.6, 0.65, 0.638, 0.675, 0.662, 0.604, 0.447, 0.45, 0.486, 0.444, 0.395, 0.3, 0.496, 0.48, 0.55, 0.572, 0.818, 0.731, 0.672, 0.797, 0.775, 0.697, 0.572, 0.666, 0.72, 1.0, 0.729, 0.819, 0.936, 0.742, 0.666, 0.85, 0.649, 0.718, 0.712, 0.777, 0.753, 0.583, 0.539, 0.433, 0.303, 0.264, 0.113, 0.151, 0.244, 0.241, 0.376, 0.397, 0.226, 0.215, 0.279, 0.241, 0.304, 0.385, 0.359, 0.364, 0.282, 0.389, 0.382, 0.373, 0.311, 0.198, 0.188, 0.235, 0.208, 0.149, 0.098, 0.122, 0.0, 0.03, 0.081, 0.144, 0.128, 0.184, 0.279, 0.251, 0.156, 0.205, 0.244, 0.29, 0.293, 0.353, 0.345, 0.443, 0.448, 0.51, 0.6, 0.626, 0.615, 0.602, 0.52, 0.479, 0.493, 0.429, 0.398, 0.388, 0.39, 0.387, 0.426, 0.366, 0.305, 0.228, 0.282, 0.347, 0.412, 0.541, 0.596, 0.462, 0.394, 0.61, 0.648, 0.532, 0.513, 0.417, 0.477, 0.445, 0.485, 0.488, 0.523, 0.516, 0.427, 0.415, 0.37, 0.354, 0.416, 0.533, 0.585, 0.545, 0.498, 0.577, 0.501, 0.563, 0.626, 0.575, 0.639, 0.705, 0.755, 0.694, 0.583, 0.643, 0.627, 0.605, 0.61, 0.548, 0.6, 0.698, 0.593, 0.566, 0.592, 0.585, 0.586, 0.551, 0.505, 0.509, 0.464, 0.506, 0.495, 0.496, 0.483, 0.516, 0.709, 0.593, 0.628, 0.65, 0.769, 0.699, 0.725, 0.69, 0.689, 0.718, 0.689, 0.645, 0.531, 0.55, 0.516, 0.522, 0.533, 0.547, 0.531, 0.453, 0.445, 0.454, 0.412, 0.418, 0.349, 0.246, 0.286, 0.249, 0.164, 0.178, 0.245, 0.268, 0.368, 0.458, 0.473, 0.448, 0.52, 0.575, 0.489, 0.448, 0.492, 0.53, 0.416, 0.506, 0.556, 0.499, 0.475, 0.514, 0.491, 0.499, 0.537, 0.505, 0.57, 0.563, 0.593, 0.596, 0.603]	CAD	CCY	EURCAD=X	1.51195	1070236800	4.0	1.51195	1.51207	1.51056	1.51323	1.51207	1.51056	1.51323	1.44685	1.52265	1.5012774	1.482429	1.51124	1.51116	finmb_EURCAD_X	86400	Europe/London	GMT	f75a72e3-6c78-3d9a-9ccd-8760c443c247	True	['Open', 'High', 'Low', 'Close', 'Volume', 'Dividends', 'Stock Splits']
EURCHF=X	EUR/CHF	EUR/CHF	CURRENCY	2003-01-31	2024-11-30	[0.719, 0.707, 0.727, 0.78, 0.8, 0.835, 0.813, 0.81, 0.812, 0.832, 0.826, 0.841, 0.852, 0.862, 0.839, 0.829, 0.799, 0.793, 0.814, 0.818, 0.826, 0.8, 0.782, 0.823, 0.829, 0.813, 0.829, 0.813, 0.809, 0.83, 0.846, 0.824, 0.837, 0.823, 0.83, 0.837, 0.833, 0.847, 0.869, 0.848, 0.843, 0.848, 0.857, 0.864, 0.877, 0.879, 0.878, 0.908, 0.924, 0.913, 0.927, 0.959, 0.961, 0.967, 0.953, 0.956, 0.974, 1.0, 0.972, 0.968, 0.905, 0.869, 0.852, 0.919, 0.924, 0.907, 0.941, 0.917, 0.869, 0.729, 0.817, 0.715, 0.747, 0.736, 0.773, 0.773, 0.774, 0.794, 0.791, 0.785, 0.783, 0.776, 0.773, 0.737, 0.721, 0.711, 0.658, 0.671, 0.655, 0.517, 0.57, 0.49, 0.534, 0.578, 0.508, 0.416, 0.463, 0.459, 0.489, 0.487, 0.383, 0.367, 0.289, 0.334, 0.384, 0.384, 0.395, 0.383, 0.366, 0.365, 0.366, 0.36, 0.36, 0.359, 0.36, 0.359, 0.372, 0.369, 0.363, 0.368, 0.407, 0.387, 0.38, 0.395, 0.417, 0.401, 0.403, 0.402, 0.387, 0.406, 0.402, 0.392, 0.39, 0.382, 0.385, 0.385, 0.387, 0.379, 0.381, 0.367, 0.367, 0.366, 0.361, 0.361, 0.151, 0.18, 0.153, 0.15, 0.135, 0.141, 0.169, 0.194, 0.214, 0.206, 0.211, 0.197, 0.236, 0.209, 0.215, 0.22, 0.231, 0.209, 0.205, 0.219, 0.202, 0.203, 0.193, 0.191, 0.176, 0.181, 0.182, 0.197, 0.211, 0.214, 0.276, 0.285, 0.282, 0.303, 0.313, 0.316, 0.304, 0.29, 0.327, 0.355, 0.295, 0.296, 0.3, 0.264, 0.273, 0.278, 0.27, 0.258, 0.279, 0.276, 0.247, 0.278, 0.252, 0.238, 0.23, 0.211, 0.203, 0.228, 0.223, 0.204, 0.182, 0.177, 0.168, 0.169, 0.181, 0.183, 0.195, 0.193, 0.196, 0.182, 0.2, 0.189, 0.193, 0.225, 0.229, 0.226, 0.22, 0.218, 0.193, 0.2, 0.202, 0.177, 0.146, 0.136, 0.141, 0.138, 0.13, 0.117, 0.133, 0.085, 0.053, 0.058, 0.033, 0.078, 0.07, 0.068, 0.095, 0.08, 0.084, 0.071, 0.052, 0.059, 0.034, 0.035, 0.044, 0.032, 0.033, 0.0, 0.001, 0.025, 0.052, 0.057, 0.061, 0.039, 0.028, 0.007, 0.008, 0.01, 0.013]	CHF	CCY	EURCHF=X	0.94	1043280000	4.0	0.94	0.93999	0.93819	0.94172	0.93999	0.93819	0.94172	0.90297	0.993	0.9397022	0.9579278	0.94149	0.94137	finmb_EURCHF_X	86400	Europe/London	GMT	5c4f76b7-fc97-39e8-ac6a-855bc5b6c932	True	['Open', 'High', 'Low', 'Close', 'Volume', 'Dividends', 'Stock Splits']
EURGBP=X	EUR/GBP	EUR/GBP	CURRENCY	1999-01-31	2024-11-30	[0.29, 0.282, 0.227, 0.196, 0.179, 0.193, 0.204, 0.2, 0.174, 0.151, 0.124, 0.1, 0.04, 0.07, 0.04, 0.003, 0.104, 0.114, 0.09, 0.076, 0.032, 0.0, 0.071, 0.12, 0.148, 0.144, 0.086, 0.094, 0.028, 0.039, 0.079, 0.114, 0.09, 0.09, 0.119, 0.071, 0.062, 0.074, 0.069, 0.087, 0.15, 0.166, 0.107, 0.131, 0.118, 0.129, 0.144, 0.184, 0.188, 0.279, 0.289, 0.314, 0.373, 0.305, 0.31, 0.307, 0.321, 0.272, 0.306, 0.327, 0.271, 0.227, 0.227, 0.243, 0.221, 0.23, 0.203, 0.248, 0.277, 0.306, 0.306, 0.335, 0.296, 0.285, 0.278, 0.246, 0.253, 0.247, 0.295, 0.272, 0.265, 0.255, 0.267, 0.281, 0.27, 0.261, 0.309, 0.294, 0.274, 0.291, 0.272, 0.241, 0.25, 0.23, 0.244, 0.243, 0.215, 0.243, 0.258, 0.268, 0.26, 0.244, 0.244, 0.251, 0.308, 0.305, 0.351, 0.416, 0.448, 0.494, 0.58, 0.557, 0.552, 0.569, 0.558, 0.621, 0.571, 0.574, 0.666, 1.0, 0.823, 0.832, 0.94, 0.861, 0.792, 0.743, 0.745, 0.82, 0.919, 0.861, 0.913, 0.836, 0.783, 0.853, 0.846, 0.789, 0.725, 0.647, 0.683, 0.648, 0.771, 0.801, 0.715, 0.768, 0.756, 0.744, 0.816, 0.851, 0.787, 0.877, 0.808, 0.833, 0.794, 0.812, 0.747, 0.709, 0.698, 0.726, 0.692, 0.633, 0.594, 0.601, 0.541, 0.574, 0.584, 0.614, 0.621, 0.647, 0.76, 0.784, 0.717, 0.723, 0.754, 0.747, 0.792, 0.745, 0.693, 0.753, 0.687, 0.7, 0.657, 0.655, 0.669, 0.655, 0.633, 0.599, 0.574, 0.581, 0.544, 0.563, 0.575, 0.544, 0.461, 0.392, 0.404, 0.374, 0.36, 0.354, 0.32, 0.394, 0.436, 0.366, 0.328, 0.423, 0.489, 0.562, 0.564, 0.533, 0.49, 0.669, 0.714, 0.741, 0.779, 0.873, 0.743, 0.764, 0.754, 0.738, 0.754, 0.715, 0.797, 0.817, 0.858, 0.931, 0.812, 0.825, 0.829, 0.843, 0.81, 0.818, 0.811, 0.82, 0.814, 0.831, 0.851, 0.866, 0.847, 0.855, 0.85, 0.879, 0.807, 0.748, 0.764, 0.777, 0.827, 0.867, 0.924, 0.896, 0.847, 0.776, 0.743, 0.748, 0.715, 0.745, 0.851, 0.797, 0.873, 0.913, 0.889, 0.854, 0.911, 0.884, 0.869, 0.882, 0.828, 0.786, 0.744, 0.789, 0.759, 0.763, 0.74, 0.756, 0.774, 0.726, 0.73, 0.704, 0.686, 0.697, 0.734, 0.715, 0.741, 0.767, 0.7, 0.763, 0.82, 0.759, 0.775, 0.831, 0.815, 0.818, 0.82, 0.827, 0.776, 0.768, 0.757, 0.763, 0.779, 0.798, 0.776, 0.789, 0.747, 0.753, 0.749, 0.745, 0.738, 0.727, 0.715, 0.712, 0.693, 0.702, 0.706]	GBP	CCY	EURGBP=X	0.83956	915408000	4.0	0.83956	0.83955	0.83776	0.8398	0.83955	0.83776	0.8398	0.82972	0.87655	0.838201	0.8486515	0.83825	0.83815	finmb_EURGBP_X	86400	Europe/London	GMT	cdaeec31-9d47-3527-96d9-ea006bac6c53	True	['Open', 'High', 'Low', 'Close', 'Volume', 'Dividends', 'Stock Splits']
EURHUF=X	EUR/HUF	EUR/HUF	CURRENCY	2003-12-31	2024-11-30	[0.146, 0.155, 0.12, 0.105, 0.087, 0.091, 0.091, 0.076, 0.079, 0.068, 0.063, 0.061, 0.064, 0.062, 0.042, 0.071, 0.098, 0.105, 0.069, 0.06, 0.054, 0.083, 0.087, 0.103, 0.098, 0.094, 0.103, 0.159, 0.157, 0.155, 0.262, 0.204, 0.228, 0.208, 0.142, 0.12, 0.092, 0.113, 0.111, 0.075, 0.072, 0.087, 0.069, 0.099, 0.11, 0.09, 0.09, 0.102, 0.105, 0.129, 0.156, 0.142, 0.098, 0.034, 0.007, 0.0, 0.014, 0.042, 0.113, 0.125, 0.173, 0.336, 0.349, 0.393, 0.289, 0.265, 0.204, 0.171, 0.206, 0.189, 0.219, 0.218, 0.197, 0.193, 0.192, 0.165, 0.188, 0.214, 0.274, 0.265, 0.274, 0.232, 0.22, 0.265, 0.242, 0.208, 0.206, 0.172, 0.16, 0.183, 0.167, 0.186, 0.205, 0.316, 0.368, 0.402, 0.408, 0.316, 0.296, 0.326, 0.281, 0.36, 0.301, 0.238, 0.269, 0.266, 0.265, 0.245, 0.303, 0.322, 0.328, 0.376, 0.35, 0.321, 0.33, 0.349, 0.352, 0.346, 0.321, 0.351, 0.333, 0.402, 0.407, 0.398, 0.396, 0.367, 0.402, 0.414, 0.433, 0.414, 0.395, 0.391, 0.431, 0.411, 0.367, 0.349, 0.365, 0.402, 0.436, 0.399, 0.426, 0.427, 0.409, 0.415, 0.424, 0.424, 0.413, 0.433, 0.416, 0.428, 0.442, 0.416, 0.405, 0.399, 0.405, 0.416, 0.412, 0.41, 0.394, 0.401, 0.414, 0.395, 0.406, 0.378, 0.384, 0.411, 0.411, 0.417, 0.406, 0.41, 0.428, 0.418, 0.421, 0.458, 0.504, 0.469, 0.497, 0.478, 0.484, 0.479, 0.468, 0.436, 0.439, 0.461, 0.476, 0.484, 0.479, 0.499, 0.52, 0.541, 0.509, 0.544, 0.518, 0.551, 0.562, 0.665, 0.642, 0.618, 0.653, 0.593, 0.64, 0.701, 0.715, 0.681, 0.697, 0.666, 0.681, 0.691, 0.674, 0.607, 0.627, 0.659, 0.609, 0.674, 0.68, 0.712, 0.721, 0.664, 0.715, 0.711, 0.772, 0.847, 0.854, 0.912, 0.899, 1.0, 0.946, 0.919, 0.885, 0.833, 0.768, 0.78, 0.744, 0.728, 0.733, 0.804, 0.777, 0.843, 0.794, 0.768, 0.793, 0.813, 0.852, 0.853, 0.841, 0.83, 0.868, 0.861, 0.848, 0.869, 0.928, 0.927]	HUF	CCY	EURHUF=X	407.7	1070236800	4.0	407.7	407.78	407.363	409.859	407.78	407.363	409.859	375.468	409.859	397.9406	393.2533	408.966	408.736	finmb_EURHUF_X	86400	Europe/London	GMT	1ebc58ab-716d-3280-abd5-7a064edd5626	True	['Open', 'High', 'Low', 'Close', 'Volume', 'Dividends', 'Stock Splits']
EURJPY=X	EUR/JPY	EUR/JPY	CURRENCY	2003-01-31	2024-11-30	[0.437, 0.418, 0.434, 0.485, 0.586, 0.552, 0.52, 0.427, 0.447, 0.415, 0.467, 0.516, 0.472, 0.534, 0.427, 0.478, 0.495, 0.483, 0.498, 0.487, 0.539, 0.517, 0.538, 0.566, 0.517, 0.556, 0.566, 0.51, 0.494, 0.501, 0.532, 0.534, 0.534, 0.574, 0.596, 0.576, 0.612, 0.555, 0.614, 0.628, 0.635, 0.663, 0.662, 0.714, 0.703, 0.699, 0.754, 0.803, 0.805, 0.804, 0.807, 0.881, 0.892, 0.93, 0.867, 0.815, 0.894, 0.933, 0.883, 0.881, 0.815, 0.811, 0.807, 0.873, 0.894, 0.935, 0.948, 0.834, 0.705, 0.383, 0.334, 0.406, 0.258, 0.366, 0.463, 0.457, 0.516, 0.517, 0.514, 0.491, 0.471, 0.484, 0.445, 0.49, 0.385, 0.334, 0.401, 0.38, 0.214, 0.162, 0.222, 0.148, 0.241, 0.22, 0.192, 0.166, 0.205, 0.214, 0.284, 0.331, 0.263, 0.277, 0.206, 0.196, 0.112, 0.149, 0.106, 0.063, 0.06, 0.167, 0.181, 0.139, 0.026, 0.038, 0.0, 0.033, 0.059, 0.099, 0.142, 0.235, 0.364, 0.337, 0.327, 0.425, 0.473, 0.427, 0.449, 0.45, 0.475, 0.517, 0.569, 0.644, 0.571, 0.579, 0.599, 0.602, 0.559, 0.559, 0.55, 0.537, 0.564, 0.55, 0.669, 0.649, 0.502, 0.498, 0.448, 0.478, 0.524, 0.548, 0.524, 0.527, 0.513, 0.488, 0.448, 0.471, 0.449, 0.372, 0.414, 0.354, 0.364, 0.243, 0.267, 0.248, 0.233, 0.25, 0.314, 0.356, 0.34, 0.309, 0.31, 0.329, 0.368, 0.424, 0.446, 0.466, 0.482, 0.471, 0.485, 0.511, 0.513, 0.467, 0.462, 0.478, 0.407, 0.419, 0.448, 0.442, 0.474, 0.426, 0.438, 0.4, 0.385, 0.398, 0.373, 0.383, 0.34, 0.351, 0.333, 0.288, 0.293, 0.335, 0.325, 0.344, 0.319, 0.326, 0.307, 0.265, 0.308, 0.331, 0.374, 0.393, 0.371, 0.345, 0.378, 0.407, 0.402, 0.44, 0.44, 0.476, 0.501, 0.469, 0.45, 0.445, 0.447, 0.485, 0.429, 0.452, 0.43, 0.439, 0.53, 0.546, 0.549, 0.615, 0.54, 0.568, 0.606, 0.673, 0.622, 0.602, 0.6, 0.64, 0.649, 0.678, 0.711, 0.807, 0.779, 0.838, 0.812, 0.819, 0.86, 0.796, 0.839, 0.884, 0.887, 0.939, 0.973, 1.0, 0.909, 0.849, 0.835, 0.925, 0.915]	JPY	CCY	EURJPY=X	165.456	1043280000	4.0	165.456	165.448	165.399	165.982	165.448	165.399	165.982	147.79059	175.413	161.33704	164.65442	165.594	165.581	finmb_EURJPY_X	86400	Europe/London	GMT	894d4a46-b39b-3800-8ecc-651ce10cfdea	True	['Open', 'High', 'Low', 'Close', 'Volume', 'Dividends', 'Stock Splits']
EURSEK=X	EUR/SEK	EUR/SEK	CURRENCY	1998-11-30	2024-11-30	[0.352, 0.351, 0.197, 0.231, 0.204, 0.211, 0.223, 0.16, 0.176, 0.154, 0.153, 0.138, 0.116, 0.115, 0.113, 0.081, 0.036, 0.0, 0.069, 0.071, 0.095, 0.064, 0.101, 0.093, 0.161, 0.187, 0.198, 0.247, 0.274, 0.262, 0.266, 0.294, 0.308, 0.361, 0.424, 0.392, 0.382, 0.315, 0.274, 0.25, 0.241, 0.295, 0.259, 0.253, 0.304, 0.292, 0.275, 0.25, 0.235, 0.278, 0.301, 0.275, 0.299, 0.264, 0.266, 0.281, 0.285, 0.282, 0.243, 0.254, 0.247, 0.252, 0.292, 0.298, 0.309, 0.275, 0.258, 0.277, 0.295, 0.268, 0.246, 0.246, 0.213, 0.24, 0.262, 0.249, 0.278, 0.281, 0.275, 0.352, 0.342, 0.32, 0.317, 0.38, 0.373, 0.341, 0.293, 0.347, 0.353, 0.309, 0.303, 0.288, 0.288, 0.309, 0.307, 0.292, 0.247, 0.239, 0.248, 0.302, 0.321, 0.272, 0.315, 0.302, 0.291, 0.34, 0.284, 0.286, 0.327, 0.349, 0.359, 0.335, 0.335, 0.324, 0.323, 0.361, 0.35, 0.358, 0.434, 0.472, 0.582, 0.683, 0.687, 0.887, 0.753, 0.681, 0.685, 0.723, 0.568, 0.556, 0.553, 0.623, 0.628, 0.569, 0.566, 0.422, 0.434, 0.403, 0.397, 0.374, 0.344, 0.335, 0.274, 0.323, 0.278, 0.225, 0.198, 0.187, 0.215, 0.208, 0.201, 0.276, 0.248, 0.279, 0.302, 0.239, 0.281, 0.213, 0.197, 0.184, 0.196, 0.204, 0.226, 0.167, 0.049, 0.06, 0.078, 0.126, 0.139, 0.125, 0.129, 0.086, 0.058, 0.115, 0.116, 0.175, 0.149, 0.159, 0.148, 0.174, 0.206, 0.194, 0.187, 0.213, 0.216, 0.249, 0.242, 0.285, 0.292, 0.282, 0.281, 0.303, 0.307, 0.347, 0.331, 0.342, 0.315, 0.306, 0.305, 0.295, 0.349, 0.357, 0.349, 0.331, 0.3, 0.286, 0.314, 0.327, 0.291, 0.276, 0.308, 0.341, 0.386, 0.371, 0.4, 0.474, 0.441, 0.391, 0.353, 0.394, 0.38, 0.396, 0.436, 0.416, 0.374, 0.363, 0.384, 0.43, 0.481, 0.461, 0.445, 0.519, 0.578, 0.641, 0.579, 0.622, 0.57, 0.675, 0.584, 0.613, 0.591, 0.577, 0.605, 0.65, 0.618, 0.674, 0.668, 0.649, 0.684, 0.722, 0.693, 0.707, 0.643, 0.629, 0.675, 0.672, 0.788, 0.693, 0.65, 0.634, 0.586, 0.575, 0.645, 0.614, 0.549, 0.524, 0.534, 0.53, 0.567, 0.542, 0.538, 0.541, 0.549, 0.55, 0.556, 0.487, 0.566, 0.569, 0.64, 0.68, 0.591, 0.605, 0.637, 0.689, 0.611, 0.69, 0.759, 0.75, 0.756, 0.811, 0.848, 0.777, 0.852, 0.867, 0.95, 0.99, 0.937, 1.0, 0.918, 0.996, 0.869, 0.781, 0.85, 0.822, 0.92, 0.966, 0.899, 0.874, 0.946, 0.86, 0.844, 0.933, 0.941]	SEK	CCY	EURSEK=X	11.65729	911347200	4.0	11.65729	11.66519	11.63455	11.6935	11.66519	11.63455	11.6935	9.97513	11.77543	11.384334	11.423148	11.68804	11.68594	finmb_EURSEK_X	86400	Europe/London	GMT	dff40689-78c6-323d-a825-b0be53a3ba7a	True	['Open', 'High', 'Low', 'Close', 'Volume', 'Dividends', 'Stock Splits']
EURUSD=X	EUR/USD	EUR/USD	CURRENCY	2003-12-31	2024-11-30	[0.466, 0.445, 0.449, 0.419, 0.363, 0.4, 0.397, 0.369, 0.396, 0.439, 0.5, 0.585, 0.63, 0.544, 0.571, 0.529, 0.514, 0.418, 0.381, 0.387, 0.424, 0.371, 0.364, 0.333, 0.339, 0.391, 0.354, 0.386, 0.473, 0.504, 0.498, 0.497, 0.503, 0.478, 0.495, 0.577, 0.568, 0.539, 0.573, 0.595, 0.645, 0.612, 0.625, 0.648, 0.643, 0.748, 0.783, 0.821, 0.805, 0.849, 0.905, 1.0, 0.977, 0.963, 0.999, 0.972, 0.817, 0.72, 0.485, 0.484, 0.7, 0.507, 0.481, 0.576, 0.574, 0.73, 0.71, 0.747, 0.761, 0.814, 0.827, 0.879, 0.759, 0.681, 0.641, 0.62, 0.585, 0.415, 0.405, 0.541, 0.478, 0.641, 0.666, 0.552, 0.586, 0.631, 0.659, 0.724, 0.846, 0.758, 0.784, 0.759, 0.777, 0.634, 0.727, 0.589, 0.527, 0.558, 0.615, 0.588, 0.576, 0.429, 0.44, 0.41, 0.452, 0.52, 0.528, 0.53, 0.573, 0.631, 0.56, 0.504, 0.551, 0.542, 0.541, 0.579, 0.575, 0.618, 0.657, 0.637, 0.671, 0.629, 0.654, 0.662, 0.672, 0.637, 0.643, 0.602, 0.566, 0.483, 0.47, 0.444, 0.393, 0.254, 0.232, 0.169, 0.217, 0.191, 0.235, 0.187, 0.234, 0.241, 0.196, 0.127, 0.186, 0.187, 0.185, 0.254, 0.257, 0.222, 0.219, 0.212, 0.223, 0.234, 0.195, 0.138, 0.126, 0.148, 0.127, 0.145, 0.175, 0.226, 0.272, 0.323, 0.348, 0.329, 0.308, 0.341, 0.356, 0.435, 0.405, 0.417, 0.387, 0.31, 0.292, 0.317, 0.31, 0.305, 0.256, 0.264, 0.272, 0.28, 0.262, 0.236, 0.229, 0.22, 0.26, 0.224, 0.208, 0.188, 0.223, 0.199, 0.232, 0.202, 0.197, 0.203, 0.177, 0.211, 0.239, 0.345, 0.352, 0.323, 0.312, 0.361, 0.417, 0.386, 0.393, 0.319, 0.388, 0.398, 0.35, 0.348, 0.332, 0.299, 0.313, 0.247, 0.252, 0.223, 0.228, 0.225, 0.114, 0.159, 0.104, 0.061, 0.033, 0.0, 0.021, 0.083, 0.14, 0.172, 0.132, 0.181, 0.203, 0.152, 0.175, 0.202, 0.186, 0.124, 0.132, 0.193, 0.209, 0.171, 0.17, 0.163, 0.149, 0.17, 0.148, 0.166, 0.211, 0.226, 0.174, 0.176]	USD	CCY	EURUSD=X	1.0881393	1070236800	4.0	1.0881393	1.0882577	1.0875475	1.0913457	1.0882577	1.0875475	1.0913457	1.0604117	1.1212397	1.100527	1.0869125	1.0900371	1.0906315	finmb_EUR_X	86400	Europe/London	GMT	1c974a98-f49a-3294-a47a-52edc95109aa	True	['Open', 'High', 'Low', 'Close', 'Volume', 'Dividends', 'Stock Splits']
GBPJPY=X	GBP/JPY	GBP/JPY	CURRENCY	2003-12-31	2024-11-30	[0.567, 0.573, 0.663, 0.567, 0.6, 0.634, 0.615, 0.652, 0.604, 0.626, 0.585, 0.602, 0.604, 0.591, 0.634, 0.648, 0.627, 0.606, 0.617, 0.606, 0.625, 0.631, 0.676, 0.686, 0.655, 0.697, 0.653, 0.665, 0.689, 0.712, 0.718, 0.738, 0.812, 0.793, 0.808, 0.844, 0.889, 0.92, 0.889, 0.878, 0.932, 0.951, 1.0, 0.945, 0.892, 0.905, 0.942, 0.857, 0.799, 0.719, 0.679, 0.614, 0.681, 0.7, 0.719, 0.737, 0.606, 0.542, 0.299, 0.214, 0.092, 0.088, 0.156, 0.175, 0.206, 0.275, 0.305, 0.301, 0.248, 0.189, 0.223, 0.174, 0.239, 0.193, 0.125, 0.175, 0.186, 0.1, 0.098, 0.124, 0.087, 0.099, 0.072, 0.089, 0.048, 0.08, 0.092, 0.109, 0.126, 0.107, 0.079, 0.059, 0.042, 0.0, 0.019, 0.015, 0.0, 0.002, 0.066, 0.091, 0.087, 0.02, 0.027, 0.024, 0.034, 0.049, 0.066, 0.095, 0.151, 0.189, 0.159, 0.184, 0.25, 0.269, 0.239, 0.233, 0.256, 0.302, 0.299, 0.372, 0.418, 0.39, 0.398, 0.404, 0.414, 0.395, 0.416, 0.425, 0.41, 0.454, 0.431, 0.514, 0.519, 0.459, 0.504, 0.455, 0.5, 0.549, 0.574, 0.579, 0.527, 0.486, 0.515, 0.509, 0.46, 0.4, 0.297, 0.328, 0.299, 0.333, 0.147, 0.142, 0.118, 0.09, 0.063, 0.163, 0.182, 0.175, 0.161, 0.155, 0.186, 0.175, 0.204, 0.2, 0.18, 0.246, 0.232, 0.24, 0.251, 0.268, 0.233, 0.232, 0.24, 0.194, 0.194, 0.205, 0.194, 0.224, 0.188, 0.198, 0.16, 0.182, 0.219, 0.194, 0.194, 0.143, 0.132, 0.097, 0.079, 0.102, 0.162, 0.17, 0.181, 0.179, 0.17, 0.11, 0.104, 0.102, 0.1, 0.138, 0.167, 0.127, 0.122, 0.15, 0.164, 0.184, 0.23, 0.25, 0.253, 0.283, 0.261, 0.259, 0.248, 0.24, 0.29, 0.249, 0.279, 0.273, 0.273, 0.318, 0.34, 0.329, 0.36, 0.344, 0.33, 0.326, 0.405, 0.361, 0.318, 0.325, 0.35, 0.355, 0.371, 0.422, 0.493, 0.48, 0.517, 0.49, 0.483, 0.525, 0.473, 0.528, 0.556, 0.56, 0.6, 0.628, 0.654, 0.598, 0.557, 0.559, 0.618, 0.608]	JPY	CCY	GBPJPY=X	197.013	1070236800	4.0	197.013	197.018	196.947	197.843	197.018	196.947	197.843	178.428	208.102	192.47855	194.02695	197.58	197.558		86400	Europe/London	GMT	aef3f727-4b94-38da-9d6b-07f1fb8c7e9a	True	['Open', 'High', 'Low', 'Close', 'Volume', 'Dividends', 'Stock Splits']
GBPUSD=X	GBP/USD	USD/GBP	CURRENCY	2003-12-31	2024-11-30	[0.698, 0.736, 0.782, 0.754, 0.687, 0.743, 0.73, 0.732, 0.712, 0.723, 0.749, 0.823, 0.834, 0.797, 0.833, 0.802, 0.823, 0.728, 0.699, 0.666, 0.713, 0.673, 0.677, 0.638, 0.627, 0.687, 0.662, 0.645, 0.736, 0.784, 0.76, 0.78, 0.816, 0.784, 0.822, 0.882, 0.875, 0.879, 0.88, 0.868, 0.917, 0.896, 0.926, 0.948, 0.935, 0.965, 1.0, 0.976, 0.903, 0.907, 0.903, 0.901, 0.904, 0.899, 0.91, 0.9, 0.732, 0.691, 0.509, 0.438, 0.362, 0.352, 0.322, 0.33, 0.376, 0.521, 0.55, 0.575, 0.532, 0.502, 0.548, 0.549, 0.521, 0.5, 0.423, 0.417, 0.429, 0.348, 0.392, 0.469, 0.446, 0.48, 0.478, 0.456, 0.443, 0.484, 0.512, 0.509, 0.569, 0.552, 0.51, 0.54, 0.534, 0.46, 0.513, 0.46, 0.441, 0.471, 0.494, 0.497, 0.531, 0.448, 0.452, 0.472, 0.48, 0.526, 0.509, 0.506, 0.519, 0.481, 0.415, 0.418, 0.449, 0.422, 0.425, 0.423, 0.45, 0.519, 0.504, 0.537, 0.553, 0.553, 0.574, 0.569, 0.587, 0.577, 0.609, 0.596, 0.563, 0.527, 0.502, 0.473, 0.457, 0.406, 0.441, 0.378, 0.442, 0.431, 0.474, 0.461, 0.441, 0.414, 0.431, 0.402, 0.379, 0.332, 0.28, 0.333, 0.357, 0.36, 0.239, 0.207, 0.2, 0.186, 0.109, 0.137, 0.116, 0.138, 0.132, 0.136, 0.179, 0.17, 0.191, 0.205, 0.182, 0.235, 0.212, 0.233, 0.236, 0.31, 0.284, 0.297, 0.27, 0.22, 0.198, 0.204, 0.191, 0.198, 0.16, 0.168, 0.158, 0.202, 0.223, 0.196, 0.183, 0.15, 0.157, 0.103, 0.106, 0.117, 0.18, 0.181, 0.202, 0.199, 0.179, 0.125, 0.135, 0.12, 0.119, 0.202, 0.227, 0.176, 0.183, 0.225, 0.256, 0.265, 0.295, 0.268, 0.289, 0.313, 0.278, 0.29, 0.269, 0.234, 0.273, 0.223, 0.242, 0.232, 0.229, 0.205, 0.134, 0.153, 0.1, 0.104, 0.051, 0.0, 0.044, 0.081, 0.092, 0.123, 0.093, 0.126, 0.138, 0.129, 0.15, 0.175, 0.16, 0.108, 0.103, 0.159, 0.162, 0.158, 0.155, 0.151, 0.144, 0.162, 0.153, 0.173, 0.207, 0.23, 0.186, 0.185]	USD	CCY	GBPUSD=X	1.2956221	1070236800	4.0	1.2956221	1.2956557	1.2948503	1.3019477	1.2956557	1.2948503	1.3019477	1.2189027	1.3432915	1.312884	1.2805815	1.3008469	1.3009315		86400	Europe/London	GMT	bca985a5-f51a-3d43-9812-91222b49ba31	True	['Open', 'High', 'Low', 'Close', 'Volume', 'Dividends', 'Stock Splits']
NZDUSD=X	NZD/USD	USD/NZD	CURRENCY	2003-12-31	2024-11-30	[0.406, 0.449, 0.484, 0.439, 0.328, 0.341, 0.353, 0.354, 0.411, 0.464, 0.486, 0.565, 0.575, 0.561, 0.601, 0.561, 0.617, 0.542, 0.519, 0.484, 0.516, 0.509, 0.53, 0.541, 0.481, 0.491, 0.429, 0.299, 0.357, 0.356, 0.288, 0.313, 0.411, 0.403, 0.452, 0.485, 0.541, 0.5, 0.531, 0.567, 0.638, 0.628, 0.717, 0.692, 0.535, 0.68, 0.72, 0.701, 0.703, 0.761, 0.789, 0.754, 0.747, 0.751, 0.692, 0.613, 0.526, 0.446, 0.215, 0.13, 0.209, 0.019, 0.0, 0.156, 0.169, 0.371, 0.383, 0.433, 0.49, 0.59, 0.579, 0.576, 0.598, 0.533, 0.524, 0.546, 0.601, 0.478, 0.489, 0.598, 0.537, 0.624, 0.652, 0.646, 0.718, 0.712, 0.666, 0.693, 0.805, 0.844, 0.863, 0.982, 0.933, 0.712, 0.846, 0.696, 0.719, 0.845, 0.901, 0.84, 0.856, 0.666, 0.759, 0.818, 0.788, 0.875, 0.853, 0.854, 0.854, 0.89, 0.864, 0.893, 0.94, 0.818, 0.74, 0.792, 0.73, 0.865, 0.861, 0.824, 0.852, 0.84, 0.891, 0.972, 0.943, 0.925, 1.0, 0.924, 0.894, 0.731, 0.752, 0.756, 0.75, 0.603, 0.671, 0.661, 0.689, 0.576, 0.485, 0.423, 0.385, 0.356, 0.449, 0.402, 0.486, 0.389, 0.419, 0.502, 0.518, 0.451, 0.561, 0.552, 0.592, 0.593, 0.572, 0.564, 0.52, 0.606, 0.577, 0.529, 0.497, 0.551, 0.61, 0.666, 0.582, 0.587, 0.496, 0.497, 0.553, 0.618, 0.59, 0.589, 0.55, 0.524, 0.462, 0.481, 0.434, 0.426, 0.41, 0.492, 0.45, 0.501, 0.489, 0.47, 0.44, 0.396, 0.448, 0.426, 0.346, 0.338, 0.371, 0.373, 0.457, 0.391, 0.345, 0.264, 0.299, 0.315, 0.375, 0.447, 0.46, 0.422, 0.429, 0.537, 0.585, 0.574, 0.625, 0.526, 0.593, 0.592, 0.525, 0.531, 0.527, 0.494, 0.58, 0.483, 0.483, 0.409, 0.446, 0.52, 0.393, 0.41, 0.322, 0.34, 0.297, 0.193, 0.209, 0.314, 0.354, 0.386, 0.305, 0.333, 0.301, 0.274, 0.279, 0.304, 0.249, 0.252, 0.219, 0.303, 0.351, 0.297, 0.288, 0.255, 0.254, 0.293, 0.284, 0.236, 0.332, 0.355, 0.254, 0.258]	USD	CCY	NZDUSD=X	0.59758574	1070236800	4.0	0.59758574	0.59762144	0.59690803	0.6012506	0.59762144	0.59690803	0.6012506	0.5854801	0.6654998	0.61519736	0.6084963	0.59988	0.6002401		86400	Europe/London	GMT	810b0840-1387-39ae-9d49-fc92161961c6	True	['Open', 'High', 'Low', 'Close', 'Volume', 'Dividends', 'Stock Splits']
CNY=X	USD/CNY	USD/CNY	CURRENCY	2001-06-30	2024-11-30	[1.0, 1.0, 1.0, 1.0, 1.0, 1.0, 1.0, 1.0, 1.0, 1.0, 1.0, 1.0, 1.0, 1.0, 1.0, 0.995, 1.0, 1.0, 1.0, 1.0, 1.0, 1.0, 1.0, 1.0, 1.0, 1.0, 1.0, 1.0, 1.0, 1.0, 0.995, 0.995, 0.995, 0.995, 0.995, 0.995, 0.995, 0.995, 0.995, 0.995, 0.995, 0.995, 0.995, 0.995, 0.995, 0.995, 0.995, 0.995, 0.995, 0.918, 0.916, 0.91, 0.908, 0.909, 0.906, 0.903, 0.892, 0.879, 0.877, 0.882, 0.868, 0.857, 0.851, 0.829, 0.817, 0.796, 0.784, 0.77, 0.753, 0.75, 0.739, 0.713, 0.697, 0.679, 0.667, 0.649, 0.634, 0.6, 0.558, 0.504, 0.472, 0.427, 0.417, 0.396, 0.356, 0.346, 0.348, 0.352, 0.35, 0.344, 0.342, 0.35, 0.349, 0.348, 0.341, 0.345, 0.346, 0.346, 0.346, 0.344, 0.344, 0.344, 0.35, 0.344, 0.344, 0.344, 0.344, 0.345, 0.324, 0.321, 0.333, 0.282, 0.281, 0.269, 0.252, 0.234, 0.23, 0.223, 0.202, 0.19, 0.185, 0.176, 0.148, 0.151, 0.134, 0.141, 0.116, 0.118, 0.111, 0.115, 0.114, 0.135, 0.138, 0.148, 0.134, 0.113, 0.086, 0.081, 0.083, 0.076, 0.079, 0.073, 0.051, 0.031, 0.08, 0.032, 0.027, 0.026, 0.015, 0.014, 0.0, 0.0, 0.03, 0.068, 0.089, 0.079, 0.071, 0.05, 0.037, 0.04, 0.024, 0.035, 0.063, 0.083, 0.089, 0.065, 0.063, 0.063, 0.066, 0.067, 0.147, 0.136, 0.133, 0.15, 0.193, 0.231, 0.215, 0.181, 0.186, 0.235, 0.259, 0.272, 0.283, 0.277, 0.329, 0.38, 0.402, 0.373, 0.368, 0.376, 0.38, 0.361, 0.33, 0.309, 0.245, 0.276, 0.266, 0.25, 0.216, 0.121, 0.119, 0.107, 0.128, 0.165, 0.259, 0.343, 0.356, 0.372, 0.411, 0.4, 0.371, 0.298, 0.285, 0.309, 0.306, 0.382, 0.367, 0.374, 0.491, 0.481, 0.451, 0.442, 0.42, 0.397, 0.428, 0.471, 0.46, 0.491, 0.462, 0.43, 0.365, 0.343, 0.298, 0.236, 0.212, 0.178, 0.181, 0.234, 0.189, 0.142, 0.185, 0.182, 0.186, 0.188, 0.152, 0.151, 0.144, 0.135, 0.119, 0.133, 0.258, 0.274, 0.291, 0.312, 0.386, 0.482, 0.539, 0.498, 0.41, 0.313, 0.401, 0.368, 0.391, 0.462, 0.539, 0.472, 0.554, 0.561, 0.566, 0.462, 0.474, 0.468, 0.514, 0.528, 0.533, 0.531, 0.546, 0.539, 0.469, 0.431, 0.478, 0.481]	CNY	CCY	CNY=X	7.099	993423600	4.0	7.099	7.099	7.099	7.1101	7.099	7.099	7.1101	7.0061	7.2971	7.087514	7.1818643	7.1033	7.1023		86400	Europe/London	GMT	91391898-a6da-3ebd-bae0-7a67506f15f2	True	['Open', 'High', 'Low', 'Close', 'Volume', 'Dividends', 'Stock Splits']
USDEUR=X	USD/EUR	USD/EUR	CURRENCY	2003-12-31	2024-11-30	[0.417, 0.438, 0.433, 0.464, 0.522, 0.484, 0.486, 0.516, 0.487, 0.443, 0.384, 0.307, 0.268, 0.344, 0.319, 0.357, 0.371, 0.465, 0.503, 0.497, 0.459, 0.514, 0.521, 0.555, 0.548, 0.493, 0.532, 0.499, 0.41, 0.381, 0.386, 0.387, 0.382, 0.405, 0.388, 0.314, 0.322, 0.348, 0.317, 0.298, 0.256, 0.284, 0.272, 0.253, 0.257, 0.174, 0.147, 0.12, 0.131, 0.1, 0.062, 0.0, 0.014, 0.023, 0.001, 0.018, 0.123, 0.195, 0.399, 0.4, 0.211, 0.377, 0.403, 0.314, 0.316, 0.187, 0.203, 0.174, 0.164, 0.125, 0.115, 0.079, 0.166, 0.226, 0.259, 0.276, 0.307, 0.468, 0.478, 0.346, 0.405, 0.259, 0.238, 0.336, 0.306, 0.267, 0.244, 0.192, 0.102, 0.166, 0.146, 0.165, 0.152, 0.265, 0.19, 0.303, 0.359, 0.33, 0.28, 0.304, 0.315, 0.453, 0.442, 0.473, 0.43, 0.365, 0.358, 0.356, 0.317, 0.268, 0.329, 0.381, 0.337, 0.345, 0.346, 0.312, 0.316, 0.278, 0.246, 0.263, 0.234, 0.269, 0.248, 0.242, 0.233, 0.262, 0.257, 0.292, 0.324, 0.401, 0.413, 0.439, 0.49, 0.647, 0.674, 0.754, 0.693, 0.726, 0.67, 0.73, 0.672, 0.663, 0.719, 0.811, 0.732, 0.731, 0.734, 0.647, 0.643, 0.686, 0.69, 0.699, 0.685, 0.671, 0.72, 0.796, 0.813, 0.782, 0.81, 0.787, 0.747, 0.681, 0.625, 0.566, 0.539, 0.56, 0.584, 0.546, 0.53, 0.447, 0.478, 0.466, 0.497, 0.581, 0.602, 0.574, 0.582, 0.587, 0.645, 0.635, 0.626, 0.616, 0.638, 0.669, 0.678, 0.689, 0.639, 0.684, 0.704, 0.73, 0.684, 0.715, 0.674, 0.711, 0.718, 0.711, 0.744, 0.7, 0.665, 0.543, 0.534, 0.567, 0.579, 0.524, 0.466, 0.498, 0.491, 0.571, 0.496, 0.485, 0.537, 0.539, 0.557, 0.594, 0.578, 0.655, 0.649, 0.685, 0.679, 0.683, 0.829, 0.767, 0.843, 0.905, 0.948, 1.0, 0.967, 0.873, 0.793, 0.75, 0.804, 0.738, 0.71, 0.776, 0.746, 0.712, 0.732, 0.816, 0.803, 0.723, 0.703, 0.751, 0.752, 0.762, 0.78, 0.753, 0.782, 0.758, 0.7, 0.681, 0.748, 0.745]	EUR	CCY	EUR=X	0.919	1070236800	4.0	0.919	0.9189	0.9163	0.9195	0.9189	0.9163	0.9195	0.89187	0.94303	0.9086556	0.9200372	0.9179	0.9174		86400	Europe/London	GMT	1c974a98-f49a-3294-a47a-52edc95109aa	True	['Open', 'High', 'Low', 'Close', 'Volume', 'Dividends', 'Stock Splits']
HKD=X	USD/HKD	USD/HKD	CURRENCY	2001-07-31	2024-11-30	[0.597, 0.598, 0.595, 0.599, 0.588, 0.578, 0.594, 0.594, 0.597, 0.593, 0.598, 0.599, 0.599, 0.599, 0.596, 0.594, 0.588, 0.587, 0.598, 0.592, 0.595, 0.591, 0.592, 0.592, 0.592, 0.592, 0.592, 0.592, 0.592, 0.207, 0.339, 0.482, 0.519, 0.596, 0.537, 0.582, 0.568, 0.586, 0.567, 0.444, 0.389, 0.368, 0.576, 0.589, 0.591, 0.531, 0.44, 0.357, 0.573, 0.369, 0.261, 0.22, 0.233, 0.225, 0.251, 0.259, 0.272, 0.153, 0.249, 0.3, 0.361, 0.398, 0.628, 0.415, 0.422, 0.391, 0.647, 0.69, 0.757, 0.777, 0.665, 0.662, 0.806, 0.561, 0.413, 0.198, 0.233, 0.575, 0.576, 0.415, 0.453, 0.541, 0.685, 0.57, 0.607, 0.606, 0.312, 0.326, 0.081, 0.017, 0.0, 0.196, 0.182, 0.19, 0.213, 0.194, 0.194, 0.2, 0.196, 0.19, 0.194, 0.227, 0.306, 0.295, 0.308, 0.306, 0.495, 0.5, 0.327, 0.427, 0.266, 0.261, 0.323, 0.456, 0.512, 0.542, 0.466, 0.353, 0.434, 0.452, 0.535, 0.541, 0.532, 0.308, 0.516, 0.378, 0.245, 0.235, 0.31, 0.269, 0.326, 0.266, 0.238, 0.246, 0.226, 0.197, 0.196, 0.207, 0.261, 0.253, 0.297, 0.285, 0.306, 0.253, 0.239, 0.238, 0.229, 0.223, 0.218, 0.233, 0.328, 0.282, 0.254, 0.221, 0.216, 0.207, 0.194, 0.195, 0.321, 0.239, 0.216, 0.25, 0.21, 0.237, 0.234, 0.196, 0.219, 0.211, 0.219, 0.193, 0.195, 0.194, 0.197, 0.203, 0.546, 0.408, 0.227, 0.259, 0.345, 0.268, 0.247, 0.258, 0.237, 0.233, 0.248, 0.238, 0.263, 0.288, 0.359, 0.439, 0.536, 0.633, 0.671, 0.798, 0.685, 0.594, 0.667, 0.734, 0.764, 0.82, 0.988, 0.985, 0.974, 0.986, 0.984, 0.994, 0.723, 0.956, 0.773, 0.847, 0.941, 0.992, 0.998, 0.953, 0.985, 0.723, 0.785, 0.967, 0.922, 0.915, 0.817, 0.504, 0.338, 0.556, 0.23, 0.198, 0.219, 0.199, 0.197, 0.2, 0.196, 0.209, 0.201, 0.215, 0.218, 0.229, 0.4, 0.305, 0.293, 0.304, 0.359, 0.496, 0.478, 0.422, 0.595, 0.58, 0.547, 0.659, 0.816, 0.974, 0.986, 0.969, 0.997, 0.992, 0.998, 0.991, 0.686, 0.554, 0.881, 0.96, 0.997, 1.0, 0.873, 0.911, 0.571, 0.968, 0.835, 0.765, 0.632, 0.694, 0.736, 0.822, 0.806, 0.804, 0.737, 0.671, 0.7, 0.574, 0.385, 0.369, 0.408]	HKD	CCY	HKD=X	7.7718	995238000	4.0	7.7718	7.7718	7.77034	7.775	7.7718	7.77034	7.775	7.71848	7.8379	7.7819495	7.8067203	7.7729	7.7719		86400	Europe/London	GMT	66408cc9-4d65-387b-8d00-74523400f6cc	True	['Open', 'High', 'Low', 'Close', 'Volume', 'Dividends', 'Stock Splits']
IDR=X	USD/IDR	USD/IDR	CURRENCY	2001-06-30	2024-11-30	[0.375, 0.137, 0.058, 0.164, 0.26, 0.257, 0.257, 0.24, 0.219, 0.178, 0.116, 0.037, 0.039, 0.083, 0.057, 0.074, 0.104, 0.072, 0.068, 0.058, 0.06, 0.062, 0.038, 0.034, 0.034, 0.034, 0.034, 0.034, 0.034, 0.034, 0.0, 0.005, 0.001, 0.023, 0.033, 0.107, 0.126, 0.092, 0.12, 0.093, 0.085, 0.077, 0.12, 0.095, 0.107, 0.133, 0.144, 0.138, 0.169, 0.175, 0.191, 0.236, 0.215, 0.201, 0.176, 0.119, 0.104, 0.079, 0.045, 0.109, 0.095, 0.084, 0.088, 0.101, 0.085, 0.094, 0.072, 0.079, 0.09, 0.085, 0.088, 0.052, 0.078, 0.102, 0.132, 0.086, 0.086, 0.121, 0.132, 0.101, 0.08, 0.103, 0.119, 0.118, 0.099, 0.088, 0.099, 0.135, 0.329, 0.545, 0.346, 0.367, 0.456, 0.4, 0.29, 0.22, 0.223, 0.172, 0.213, 0.153, 0.151, 0.119, 0.128, 0.106, 0.117, 0.088, 0.078, 0.11, 0.08, 0.065, 0.064, 0.066, 0.065, 0.077, 0.06, 0.067, 0.055, 0.037, 0.019, 0.018, 0.027, 0.011, 0.016, 0.069, 0.028, 0.09, 0.057, 0.084, 0.075, 0.094, 0.098, 0.126, 0.127, 0.128, 0.139, 0.143, 0.148, 0.146, 0.152, 0.158, 0.157, 0.161, 0.162, 0.172, 0.187, 0.231, 0.314, 0.395, 0.344, 0.152, 0.478, 0.469, 0.401, 0.364, 0.39, 0.4, 0.454, 0.396, 0.415, 0.468, 0.47, 0.473, 0.504, 0.523, 0.559, 0.588, 0.566, 0.597, 0.617, 0.638, 0.691, 0.787, 0.652, 0.657, 0.683, 0.673, 0.63, 0.607, 0.598, 0.656, 0.594, 0.584, 0.612, 0.577, 0.585, 0.64, 0.635, 0.619, 0.619, 0.614, 0.621, 0.617, 0.611, 0.617, 0.619, 0.64, 0.649, 0.64, 0.647, 0.629, 0.664, 0.672, 0.686, 0.699, 0.746, 0.753, 0.796, 0.817, 0.862, 0.747, 0.771, 0.706, 0.704, 0.732, 0.726, 0.752, 0.725, 0.71, 0.731, 0.722, 0.71, 0.686, 0.692, 0.657, 0.742, 0.997, 0.857, 0.806, 0.761, 0.763, 0.78, 0.816, 0.805, 0.71, 0.681, 0.684, 0.698, 0.778, 0.757, 0.737, 0.781, 0.759, 0.748, 0.75, 0.731, 0.749, 0.738, 0.75, 0.744, 0.743, 0.765, 0.77, 0.812, 0.809, 0.809, 0.85, 0.896, 0.919, 0.905, 0.827, 0.854, 0.83, 0.788, 0.825, 0.836, 0.839, 0.855, 0.887, 0.933, 0.879, 0.881, 0.926, 0.917, 0.938, 0.984, 0.982, 1.0, 0.994, 0.883, 0.842, 0.915, 0.933]	IDR	CCY	IDR=X	15747.0	993682800	4.0	15747.0	15749.0	15719.0	15789.0	15749.0	15719.0	15789.0	14379.8	16510.2	15473.632	15865.827	15739.0	15729.0		86400	Europe/London	GMT	af5a8623-ae2e-3352-96c8-72c36440574c	True	['Open', 'High', 'Low', 'Close', 'Volume', 'Dividends', 'Stock Splits']
INR=X	USD/INR	USD/INR	CURRENCY	2003-12-31	2024-11-30	[0.141, 0.13, 0.134, 0.093, 0.114, 0.136, 0.149, 0.157, 0.158, 0.148, 0.136, 0.117, 0.092, 0.1, 0.098, 0.099, 0.094, 0.099, 0.095, 0.093, 0.107, 0.106, 0.13, 0.149, 0.129, 0.105, 0.113, 0.119, 0.127, 0.155, 0.147, 0.161, 0.162, 0.145, 0.126, 0.12, 0.108, 0.107, 0.108, 0.086, 0.04, 0.031, 0.03, 0.027, 0.031, 0.009, 0.0, 0.006, 0.002, 0.003, 0.016, 0.016, 0.027, 0.075, 0.082, 0.073, 0.099, 0.165, 0.228, 0.238, 0.198, 0.213, 0.255, 0.258, 0.223, 0.173, 0.192, 0.188, 0.213, 0.192, 0.172, 0.162, 0.161, 0.154, 0.15, 0.125, 0.113, 0.16, 0.161, 0.16, 0.171, 0.123, 0.117, 0.147, 0.125, 0.148, 0.135, 0.121, 0.114, 0.131, 0.124, 0.108, 0.15, 0.215, 0.21, 0.283, 0.308, 0.296, 0.22, 0.271, 0.297, 0.379, 0.392, 0.361, 0.366, 0.308, 0.329, 0.348, 0.347, 0.314, 0.327, 0.338, 0.335, 0.383, 0.467, 0.481, 0.628, 0.528, 0.493, 0.517, 0.503, 0.515, 0.508, 0.46, 0.473, 0.439, 0.464, 0.469, 0.477, 0.498, 0.495, 0.504, 0.538, 0.503, 0.502, 0.519, 0.54, 0.548, 0.546, 0.555, 0.6, 0.595, 0.584, 0.617, 0.607, 0.643, 0.657, 0.605, 0.606, 0.622, 0.628, 0.619, 0.622, 0.615, 0.614, 0.655, 0.64, 0.637, 0.612, 0.57, 0.554, 0.566, 0.57, 0.555, 0.552, 0.582, 0.571, 0.561, 0.554, 0.547, 0.572, 0.575, 0.61, 0.628, 0.659, 0.656, 0.717, 0.751, 0.767, 0.684, 0.684, 0.711, 0.712, 0.675, 0.681, 0.685, 0.671, 0.665, 0.723, 0.697, 0.708, 0.72, 0.715, 0.722, 0.729, 0.806, 0.803, 0.818, 0.812, 0.797, 0.755, 0.771, 0.78, 0.773, 0.755, 0.751, 0.756, 0.762, 0.777, 0.739, 0.781, 0.78, 0.762, 0.782, 0.792, 0.798, 0.784, 0.798, 0.798, 0.815, 0.832, 0.853, 0.884, 0.899, 0.901, 0.941, 0.958, 0.944, 0.971, 0.943, 0.967, 0.955, 0.947, 0.968, 0.954, 0.958, 0.968, 0.979, 0.981, 0.982, 0.959, 0.977, 0.973, 0.984, 0.985, 0.982, 0.985, 0.991, 0.995, 0.991, 0.999, 1.0]	INR	CCY	INR=X	84.11	1070236800	4.0	84.11	84.091	84.044	84.145	84.091	84.044	84.145	81.026	85.186	83.92826	83.51619	84.12	84.07		86400	Europe/London	GMT	0993e525-7c86-3d34-933f-3b25938c3717	True	['Open', 'High', 'Low', 'Close', 'Volume', 'Dividends', 'Stock Splits']
JPY=X	USD/JPY	USD/JPY	CURRENCY	1996-10-31	2024-11-30	[0.453, 0.448, 0.473, 0.536, 0.525, 0.566, 0.604, 0.476, 0.458, 0.504, 0.514, 0.527, 0.525, 0.613, 0.645, 0.603, 0.592, 0.675, 0.672, 0.742, 0.737, 0.812, 0.741, 0.713, 0.471, 0.556, 0.444, 0.477, 0.511, 0.507, 0.514, 0.54, 0.532, 0.458, 0.4, 0.358, 0.333, 0.309, 0.311, 0.37, 0.406, 0.32, 0.382, 0.375, 0.356, 0.395, 0.364, 0.381, 0.389, 0.408, 0.455, 0.482, 0.49, 0.594, 0.561, 0.512, 0.574, 0.58, 0.506, 0.515, 0.549, 0.562, 0.658, 0.696, 0.679, 0.671, 0.621, 0.569, 0.515, 0.518, 0.503, 0.543, 0.55, 0.55, 0.506, 0.52, 0.499, 0.498, 0.507, 0.513, 0.517, 0.528, 0.484, 0.418, 0.403, 0.399, 0.373, 0.353, 0.394, 0.335, 0.408, 0.398, 0.39, 0.419, 0.394, 0.404, 0.353, 0.32, 0.315, 0.328, 0.339, 0.37, 0.34, 0.384, 0.413, 0.432, 0.411, 0.444, 0.479, 0.518, 0.497, 0.489, 0.471, 0.495, 0.448, 0.433, 0.456, 0.456, 0.49, 0.497, 0.483, 0.47, 0.509, 0.53, 0.506, 0.495, 0.513, 0.542, 0.558, 0.502, 0.471, 0.459, 0.467, 0.424, 0.423, 0.359, 0.33, 0.284, 0.332, 0.35, 0.358, 0.378, 0.389, 0.357, 0.267, 0.233, 0.176, 0.167, 0.258, 0.273, 0.27, 0.232, 0.242, 0.222, 0.202, 0.166, 0.169, 0.124, 0.202, 0.171, 0.155, 0.209, 0.213, 0.182, 0.149, 0.126, 0.103, 0.094, 0.07, 0.1, 0.068, 0.075, 0.069, 0.087, 0.068, 0.061, 0.059, 0.023, 0.011, 0.012, 0.0, 0.026, 0.023, 0.007, 0.056, 0.077, 0.054, 0.038, 0.042, 0.028, 0.033, 0.022, 0.046, 0.075, 0.12, 0.18, 0.195, 0.217, 0.26, 0.299, 0.268, 0.262, 0.265, 0.26, 0.268, 0.313, 0.344, 0.318, 0.31, 0.32, 0.316, 0.306, 0.303, 0.319, 0.329, 0.396, 0.394, 0.496, 0.515, 0.5, 0.514, 0.521, 0.509, 0.566, 0.552, 0.569, 0.536, 0.519, 0.533, 0.554, 0.526, 0.508, 0.446, 0.431, 0.381, 0.413, 0.318, 0.341, 0.319, 0.3, 0.339, 0.432, 0.477, 0.446, 0.436, 0.424, 0.418, 0.413, 0.427, 0.409, 0.409, 0.432, 0.439, 0.427, 0.437, 0.388, 0.373, 0.362, 0.393, 0.388, 0.409, 0.415, 0.415, 0.443, 0.439, 0.443, 0.407, 0.391, 0.413, 0.411, 0.423, 0.396, 0.377, 0.386, 0.361, 0.379, 0.389, 0.398, 0.39, 0.39, 0.399, 0.38, 0.363, 0.376, 0.375, 0.341, 0.351, 0.352, 0.339, 0.334, 0.322, 0.336, 0.361, 0.407, 0.39, 0.402, 0.41, 0.396, 0.403, 0.426, 0.446, 0.448, 0.463, 0.465, 0.469, 0.545, 0.648, 0.613, 0.716, 0.691, 0.742, 0.809, 0.848, 0.742, 0.673, 0.644, 0.713, 0.676, 0.684, 0.754, 0.813, 0.765, 0.828, 0.866, 0.864, 0.839, 0.773, 0.843, 0.882, 0.891, 0.949, 0.956, 1.0, 0.906, 0.814, 0.789, 0.912, 0.901]	JPY	CCY	JPY=X	152.111	846633600	4.0	152.111	152.109	151.768	152.544	152.109	151.768	152.544	139.578	161.942	146.6338	151.53287	152.002	151.996		86400	Europe/London	GMT	2468a80f-e3c8-3e12-b90d-51445a7c3bae	True	['Open', 'High', 'Low', 'Close', 'Volume', 'Dividends', 'Stock Splits']
MXN=X	USD/MXN	USD/MXN	CURRENCY	2003-12-31	2024-11-30	[0.084, 0.074, 0.073, 0.078, 0.096, 0.101, 0.104, 0.104, 0.097, 0.096, 0.109, 0.085, 0.078, 0.081, 0.077, 0.082, 0.069, 0.061, 0.051, 0.041, 0.053, 0.053, 0.053, 0.038, 0.043, 0.03, 0.033, 0.061, 0.073, 0.091, 0.088, 0.066, 0.063, 0.065, 0.052, 0.068, 0.052, 0.07, 0.082, 0.07, 0.068, 0.051, 0.055, 0.069, 0.072, 0.065, 0.044, 0.063, 0.063, 0.057, 0.05, 0.044, 0.033, 0.02, 0.019, 0.0, 0.019, 0.065, 0.201, 0.243, 0.27, 0.311, 0.385, 0.299, 0.274, 0.223, 0.228, 0.226, 0.241, 0.252, 0.227, 0.21, 0.221, 0.221, 0.198, 0.168, 0.165, 0.208, 0.21, 0.189, 0.23, 0.186, 0.167, 0.177, 0.167, 0.151, 0.15, 0.135, 0.106, 0.111, 0.122, 0.123, 0.166, 0.279, 0.24, 0.26, 0.282, 0.219, 0.204, 0.201, 0.212, 0.313, 0.241, 0.24, 0.229, 0.205, 0.221, 0.212, 0.203, 0.192, 0.199, 0.165, 0.152, 0.2, 0.21, 0.196, 0.242, 0.222, 0.216, 0.222, 0.217, 0.24, 0.233, 0.219, 0.221, 0.205, 0.213, 0.231, 0.221, 0.246, 0.25, 0.282, 0.341, 0.357, 0.356, 0.379, 0.385, 0.387, 0.412, 0.44, 0.486, 0.499, 0.467, 0.473, 0.525, 0.585, 0.587, 0.524, 0.517, 0.611, 0.601, 0.632, 0.635, 0.677, 0.64, 0.763, 0.774, 0.781, 0.73, 0.628, 0.636, 0.623, 0.586, 0.564, 0.569, 0.587, 0.662, 0.624, 0.697, 0.62, 0.637, 0.589, 0.624, 0.706, 0.703, 0.616, 0.657, 0.634, 0.727, 0.739, 0.697, 0.657, 0.662, 0.675, 0.65, 0.688, 0.662, 0.654, 0.731, 0.699, 0.657, 0.685, 0.644, 0.634, 0.683, 1.0, 0.993, 0.882, 0.944, 0.867, 0.849, 0.894, 0.82, 0.725, 0.714, 0.741, 0.788, 0.764, 0.724, 0.717, 0.708, 0.712, 0.732, 0.759, 0.75, 0.844, 0.756, 0.782, 0.764, 0.713, 0.754, 0.688, 0.732, 0.743, 0.732, 0.731, 0.709, 0.667, 0.683, 0.632, 0.604, 0.584, 0.579, 0.552, 0.513, 0.482, 0.487, 0.544, 0.581, 0.525, 0.501, 0.516, 0.511, 0.476, 0.506, 0.505, 0.609, 0.632, 0.71, 0.696, 0.734, 0.728]	MXN	CCY	MXN=X	20.09071	1070236800	4.0	20.09071	20.09	20.077	20.20491	20.09	20.077	20.20491	16.2477	20.21796	19.655365	18.030586	20.19915	20.19317		86400	Europe/London	GMT	ae8fdb42-cbfd-35eb-a80c-7e1bd65640b7	True	['Open', 'High', 'Low', 'Close', 'Volume', 'Dividends', 'Stock Splits']
MYR=X	USD/MYR	USD/MYR	CURRENCY	2003-12-31	2024-11-30	[0.472, 0.462, 0.455, 0.452, 0.463, 0.464, 0.468, 0.465, 0.464, 0.465, 0.464, 0.464, 0.415, 0.464, 0.464, 0.465, 0.464, 0.465, 0.464, 0.437, 0.448, 0.452, 0.452, 0.448, 0.453, 0.438, 0.416, 0.399, 0.365, 0.373, 0.395, 0.384, 0.396, 0.406, 0.384, 0.365, 0.315, 0.295, 0.3, 0.276, 0.256, 0.242, 0.27, 0.278, 0.299, 0.241, 0.205, 0.222, 0.176, 0.149, 0.129, 0.137, 0.11, 0.155, 0.169, 0.162, 0.238, 0.263, 0.33, 0.365, 0.242, 0.352, 0.409, 0.38, 0.332, 0.286, 0.303, 0.313, 0.311, 0.273, 0.249, 0.234, 0.236, 0.25, 0.247, 0.166, 0.124, 0.163, 0.161, 0.125, 0.106, 0.066, 0.078, 0.119, 0.034, 0.055, 0.045, 0.038, 0.001, 0.02, 0.0, 0.0, 0.015, 0.135, 0.067, 0.121, 0.117, 0.04, 0.021, 0.055, 0.046, 0.115, 0.114, 0.088, 0.088, 0.052, 0.046, 0.043, 0.052, 0.08, 0.073, 0.074, 0.044, 0.076, 0.109, 0.157, 0.179, 0.163, 0.11, 0.116, 0.175, 0.216, 0.176, 0.167, 0.169, 0.139, 0.14, 0.131, 0.113, 0.178, 0.183, 0.241, 0.297, 0.372, 0.359, 0.413, 0.337, 0.381, 0.438, 0.478, 0.668, 0.789, 0.698, 0.713, 0.738, 0.649, 0.682, 0.5, 0.528, 0.64, 0.567, 0.586, 0.627, 0.644, 0.683, 0.834, 0.843, 0.812, 0.818, 0.81, 0.764, 0.735, 0.737, 0.73, 0.724, 0.697, 0.703, 0.624, 0.608, 0.519, 0.529, 0.498, 0.529, 0.567, 0.598, 0.606, 0.638, 0.653, 0.675, 0.676, 0.659, 0.624, 0.611, 0.617, 0.648, 0.678, 0.653, 0.643, 0.695, 0.681, 0.673, 0.671, 0.635, 0.622, 0.691, 0.759, 0.765, 0.768, 0.732, 0.707, 0.666, 0.661, 0.661, 0.613, 0.595, 0.6, 0.596, 0.658, 0.631, 0.648, 0.658, 0.706, 0.661, 0.677, 0.658, 0.706, 0.671, 0.68, 0.686, 0.688, 0.776, 0.777, 0.796, 0.825, 0.838, 0.925, 0.974, 0.856, 0.808, 0.709, 0.838, 0.808, 0.83, 0.907, 0.946, 0.881, 0.929, 0.967, 0.996, 0.947, 0.911, 0.977, 1.0, 0.98, 0.998, 0.964, 0.973, 0.919, 0.747, 0.642, 0.784, 0.784]	MYR	CCY	MYR=X	4.37	1070236800	4.0	4.37	4.37	4.3395	4.373	4.37	4.3395	4.373	4.094	4.978	4.286506	4.5896416	4.351	4.34		86400	Europe/London	GMT	4c8d7969-5fda-33b2-ae64-5543ed830a50	True	['Open', 'High', 'Low', 'Close', 'Volume', 'Dividends', 'Stock Splits']
PHP=X	USD/PHP	USD/PHP	CURRENCY	2003-12-31	2024-11-30	[0.816, 0.847, 0.862, 0.856, 0.846, 0.834, 0.853, 0.847, 0.852, 0.859, 0.863, 0.854, 0.859, 0.825, 0.772, 0.79, 0.749, 0.762, 0.852, 0.862, 0.869, 0.856, 0.788, 0.741, 0.693, 0.64, 0.619, 0.584, 0.618, 0.676, 0.69, 0.593, 0.574, 0.539, 0.516, 0.503, 0.471, 0.461, 0.424, 0.422, 0.381, 0.299, 0.321, 0.27, 0.332, 0.262, 0.172, 0.107, 0.046, 0.0, 0.0, 0.051, 0.099, 0.178, 0.24, 0.205, 0.306, 0.375, 0.462, 0.467, 0.38, 0.332, 0.456, 0.435, 0.419, 0.37, 0.424, 0.416, 0.419, 0.396, 0.403, 0.374, 0.333, 0.342, 0.317, 0.257, 0.227, 0.322, 0.332, 0.281, 0.262, 0.19, 0.145, 0.216, 0.188, 0.201, 0.187, 0.169, 0.156, 0.159, 0.172, 0.101, 0.115, 0.18, 0.122, 0.176, 0.186, 0.187, 0.134, 0.143, 0.099, 0.171, 0.107, 0.079, 0.102, 0.077, 0.042, 0.025, 0.037, 0.014, 0.018, 0.022, 0.04, 0.102, 0.159, 0.163, 0.225, 0.166, 0.153, 0.181, 0.218, 0.269, 0.239, 0.25, 0.222, 0.195, 0.182, 0.165, 0.182, 0.253, 0.243, 0.25, 0.237, 0.196, 0.2, 0.234, 0.209, 0.225, 0.254, 0.288, 0.347, 0.349, 0.36, 0.371, 0.354, 0.401, 0.387, 0.297, 0.35, 0.346, 0.355, 0.366, 0.334, 0.431, 0.447, 0.507, 0.498, 0.512, 0.535, 0.534, 0.521, 0.513, 0.553, 0.559, 0.586, 0.571, 0.614, 0.537, 0.516, 0.599, 0.647, 0.65, 0.618, 0.67, 0.713, 0.694, 0.712, 0.75, 0.716, 0.653, 0.667, 0.64, 0.631, 0.674, 0.64, 0.648, 0.588, 0.576, 0.642, 0.635, 0.578, 0.571, 0.571, 0.576, 0.582, 0.605, 0.551, 0.565, 0.513, 0.48, 0.44, 0.44, 0.441, 0.427, 0.425, 0.426, 0.478, 0.456, 0.446, 0.407, 0.457, 0.544, 0.523, 0.59, 0.568, 0.55, 0.597, 0.583, 0.597, 0.645, 0.67, 0.652, 0.806, 0.852, 0.874, 1.0, 0.965, 0.884, 0.839, 0.783, 0.821, 0.765, 0.837, 0.877, 0.827, 0.798, 0.899, 0.893, 0.896, 0.814, 0.82, 0.874, 0.869, 0.868, 0.948, 0.991, 1.0, 0.997, 0.862, 0.861, 0.976, 0.982]	PHP	CCY	PHP=X	58.4	1070236800	4.0	58.4	58.4	58.26	58.45	58.4	58.26	58.45	47.471	59.075	56.69904	57.11454	58.346	58.326		86400	Europe/London	GMT	8455d09c-0374-398a-afcb-e455fdea4925	True	['Open', 'High', 'Low', 'Close', 'Volume', 'Dividends', 'Stock Splits']
RUB=X	USD/RUB	USD/RUB	CURRENCY	2003-12-31	2024-11-30	[0.079, 0.069, 0.069, 0.069, 0.076, 0.075, 0.076, 0.077, 0.079, 0.079, 0.072, 0.064, 0.058, 0.064, 0.058, 0.06, 0.059, 0.065, 0.071, 0.07, 0.071, 0.069, 0.068, 0.074, 0.072, 0.074, 0.074, 0.074, 0.074, 0.049, 0.046, 0.046, 0.045, 0.046, 0.044, 0.038, 0.039, 0.041, 0.036, 0.035, 0.031, 0.033, 0.031, 0.029, 0.03, 0.019, 0.017, 0.015, 0.015, 0.014, 0.008, 0.001, 0.003, 0.003, 0.0, 0.0, 0.016, 0.03, 0.049, 0.061, 0.096, 0.165, 0.168, 0.141, 0.13, 0.099, 0.104, 0.11, 0.122, 0.09, 0.078, 0.079, 0.089, 0.094, 0.088, 0.081, 0.078, 0.101, 0.106, 0.093, 0.098, 0.095, 0.098, 0.107, 0.097, 0.085, 0.075, 0.069, 0.055, 0.062, 0.062, 0.056, 0.073, 0.116, 0.085, 0.1, 0.116, 0.094, 0.076, 0.081, 0.079, 0.127, 0.132, 0.119, 0.124, 0.101, 0.107, 0.101, 0.095, 0.09, 0.095, 0.104, 0.102, 0.112, 0.127, 0.129, 0.133, 0.121, 0.116, 0.132, 0.126, 0.156, 0.171, 0.165, 0.166, 0.152, 0.14, 0.165, 0.179, 0.216, 0.239, 0.351, 0.45, 0.616, 0.512, 0.463, 0.374, 0.395, 0.438, 0.492, 0.569, 0.574, 0.554, 0.584, 0.677, 0.722, 0.719, 0.601, 0.559, 0.574, 0.549, 0.586, 0.569, 0.539, 0.538, 0.567, 0.502, 0.493, 0.472, 0.442, 0.456, 0.45, 0.489, 0.49, 0.476, 0.468, 0.468, 0.478, 0.464, 0.447, 0.446, 0.46, 0.528, 0.525, 0.535, 0.527, 0.608, 0.572, 0.571, 0.579, 0.626, 0.57, 0.575, 0.564, 0.557, 0.568, 0.538, 0.544, 0.585, 0.56, 0.548, 0.552, 0.524, 0.54, 0.582, 0.763, 0.674, 0.64, 0.632, 0.678, 0.689, 0.755, 0.753, 0.714, 0.694, 0.717, 0.697, 0.713, 0.697, 0.676, 0.67, 0.676, 0.679, 0.671, 0.635, 0.693, 0.694, 0.738, 0.813, 0.816, 0.67, 0.559, 0.395, 0.53, 0.496, 0.462, 0.517, 0.508, 0.687, 0.631, 0.696, 0.731, 0.793, 0.763, 0.861, 0.932, 0.99, 0.994, 0.939, 0.886, 0.883, 0.901, 0.93, 0.938, 0.951, 0.899, 0.837, 0.847, 0.925, 0.962, 1.0, 1.0]	RUB	CCY	RUB=X	98.33	1070236800	4.0	98.33	98.33	97.275	98.701	98.33	97.275	98.701	82.73353	100.10286	93.65136	91.05097	97.525	97.475		86400	Europe/London	GMT	500e8318-1a0f-3616-ae00-e41dec1252a0	True	['Open', 'High', 'Low', 'Close', 'Volume', 'Dividends', 'Stock Splits']
SGD=X	USD/SGD	USD/SGD	CURRENCY	2003-12-31	2024-11-30	[0.958, 0.946, 0.963, 0.91, 0.96, 0.95, 1.0, 0.998, 0.98, 0.928, 0.889, 0.838, 0.827, 0.837, 0.813, 0.864, 0.838, 0.894, 0.931, 0.885, 0.924, 0.943, 0.949, 0.941, 0.887, 0.812, 0.806, 0.797, 0.73, 0.727, 0.733, 0.725, 0.715, 0.739, 0.683, 0.65, 0.643, 0.643, 0.631, 0.606, 0.612, 0.63, 0.633, 0.605, 0.62, 0.545, 0.475, 0.473, 0.457, 0.414, 0.372, 0.339, 0.299, 0.306, 0.302, 0.319, 0.415, 0.447, 0.525, 0.597, 0.439, 0.593, 0.66, 0.616, 0.542, 0.465, 0.473, 0.456, 0.461, 0.398, 0.38, 0.347, 0.389, 0.392, 0.393, 0.38, 0.324, 0.381, 0.38, 0.303, 0.295, 0.223, 0.197, 0.229, 0.166, 0.164, 0.14, 0.114, 0.048, 0.06, 0.06, 0.0, 0.007, 0.184, 0.081, 0.183, 0.187, 0.106, 0.089, 0.109, 0.068, 0.166, 0.151, 0.086, 0.099, 0.046, 0.033, 0.035, 0.04, 0.065, 0.066, 0.074, 0.061, 0.11, 0.125, 0.131, 0.142, 0.106, 0.073, 0.103, 0.125, 0.14, 0.12, 0.11, 0.103, 0.1, 0.092, 0.082, 0.091, 0.139, 0.145, 0.189, 0.23, 0.29, 0.298, 0.335, 0.23, 0.282, 0.279, 0.332, 0.399, 0.434, 0.387, 0.407, 0.409, 0.434, 0.398, 0.287, 0.274, 0.341, 0.278, 0.29, 0.311, 0.313, 0.364, 0.429, 0.47, 0.42, 0.392, 0.376, 0.375, 0.354, 0.34, 0.299, 0.3, 0.301, 0.305, 0.279, 0.262, 0.211, 0.236, 0.21, 0.233, 0.264, 0.32, 0.306, 0.318, 0.32, 0.352, 0.322, 0.316, 0.278, 0.281, 0.297, 0.306, 0.343, 0.291, 0.324, 0.358, 0.345, 0.306, 0.315, 0.282, 0.309, 0.371, 0.427, 0.402, 0.414, 0.369, 0.326, 0.3, 0.32, 0.316, 0.261, 0.233, 0.244, 0.243, 0.279, 0.238, 0.233, 0.275, 0.291, 0.276, 0.307, 0.274, 0.32, 0.289, 0.296, 0.303, 0.29, 0.355, 0.317, 0.367, 0.341, 0.377, 0.442, 0.404, 0.334, 0.273, 0.216, 0.278, 0.243, 0.256, 0.287, 0.297, 0.249, 0.284, 0.316, 0.314, 0.251, 0.227, 0.264, 0.277, 0.285, 0.304, 0.285, 0.301, 0.269, 0.194, 0.152, 0.231, 0.231]	SGD	CCY	SGD=X	1.3192	1070236800	4.0	1.3192	1.3191	1.31516	1.3203	1.3191	1.31516	1.3203	1.2788	1.36699	1.3040957	1.3346939	1.31653	1.31629		86400	Europe/London	GMT	f1cc46db-d22a-32e6-97b8-b43cc7f1739e	True	['Open', 'High', 'Low', 'Close', 'Volume', 'Dividends', 'Stock Splits']
THB=X	USD/THB	USD/THB	CURRENCY	2003-12-31	2024-11-30	[0.833, 0.793, 0.807, 0.806, 0.864, 0.909, 0.936, 0.975, 0.999, 0.974, 0.938, 0.809, 0.765, 0.75, 0.729, 0.796, 0.822, 0.915, 0.974, 1.0, 0.966, 0.949, 0.928, 0.964, 0.944, 0.78, 0.79, 0.774, 0.666, 0.715, 0.714, 0.693, 0.67, 0.67, 0.595, 0.529, 0.55, 0.437, 0.384, 0.245, 0.247, 0.279, 0.196, 0.029, 0.265, 0.205, 0.193, 0.101, 0.044, 0.144, 0.03, 0.167, 0.183, 0.261, 0.328, 0.332, 0.387, 0.368, 0.461, 0.488, 0.395, 0.473, 0.538, 0.502, 0.469, 0.402, 0.382, 0.374, 0.372, 0.323, 0.324, 0.299, 0.298, 0.304, 0.295, 0.238, 0.236, 0.258, 0.253, 0.233, 0.154, 0.082, 0.046, 0.06, 0.051, 0.133, 0.112, 0.08, 0.043, 0.077, 0.116, 0.03, 0.06, 0.163, 0.103, 0.163, 0.202, 0.107, 0.083, 0.133, 0.122, 0.21, 0.213, 0.187, 0.172, 0.129, 0.118, 0.117, 0.053, 0.041, 0.045, 0.004, 0.0, 0.07, 0.151, 0.161, 0.232, 0.119, 0.149, 0.231, 0.289, 0.303, 0.268, 0.263, 0.241, 0.285, 0.259, 0.218, 0.216, 0.252, 0.264, 0.285, 0.292, 0.283, 0.251, 0.267, 0.291, 0.363, 0.363, 0.472, 0.524, 0.578, 0.514, 0.537, 0.546, 0.53, 0.485, 0.483, 0.462, 0.523, 0.474, 0.45, 0.432, 0.436, 0.467, 0.518, 0.536, 0.481, 0.452, 0.423, 0.432, 0.394, 0.382, 0.33, 0.321, 0.334, 0.32, 0.269, 0.277, 0.174, 0.18, 0.16, 0.183, 0.225, 0.316, 0.325, 0.285, 0.259, 0.326, 0.296, 0.265, 0.161, 0.177, 0.206, 0.215, 0.206, 0.122, 0.123, 0.113, 0.11, 0.076, 0.079, 0.059, 0.152, 0.195, 0.275, 0.256, 0.211, 0.132, 0.167, 0.15, 0.188, 0.16, 0.081, 0.055, 0.057, 0.083, 0.165, 0.156, 0.162, 0.233, 0.291, 0.261, 0.379, 0.319, 0.357, 0.33, 0.336, 0.278, 0.33, 0.42, 0.392, 0.472, 0.577, 0.581, 0.696, 0.697, 0.499, 0.431, 0.284, 0.464, 0.394, 0.391, 0.441, 0.515, 0.404, 0.465, 0.592, 0.539, 0.449, 0.408, 0.494, 0.542, 0.575, 0.627, 0.601, 0.612, 0.533, 0.376, 0.251, 0.364, 0.374]	THB	CCY	THB=X	33.73	1070236800	4.0	33.73	33.655	33.51	33.785	33.655	33.51	33.785	31.413	37.26	33.41466	35.4784	33.68	33.63		86400	Europe/London	GMT	c3943ab8-1153-3d00-87bc-80dd34cd6f24	True	['Open', 'High', 'Low', 'Close', 'Volume', 'Dividends', 'Stock Splits']
ZAR=X	USD/ZAR	USD/ZAR	CURRENCY	2003-12-31	2024-11-30	[0.073, 0.101, 0.07, 0.045, 0.095, 0.062, 0.034, 0.043, 0.07, 0.056, 0.032, 0.011, 0.0, 0.023, 0.012, 0.04, 0.03, 0.082, 0.072, 0.065, 0.051, 0.05, 0.076, 0.058, 0.049, 0.029, 0.036, 0.037, 0.025, 0.077, 0.105, 0.092, 0.111, 0.147, 0.123, 0.106, 0.097, 0.111, 0.113, 0.114, 0.101, 0.105, 0.1, 0.107, 0.106, 0.088, 0.061, 0.082, 0.083, 0.129, 0.155, 0.176, 0.136, 0.138, 0.156, 0.12, 0.147, 0.188, 0.294, 0.308, 0.265, 0.322, 0.315, 0.277, 0.2, 0.163, 0.148, 0.152, 0.152, 0.133, 0.156, 0.125, 0.126, 0.141, 0.148, 0.118, 0.124, 0.144, 0.145, 0.118, 0.121, 0.094, 0.102, 0.106, 0.07, 0.109, 0.096, 0.084, 0.068, 0.092, 0.081, 0.077, 0.102, 0.167, 0.147, 0.191, 0.179, 0.156, 0.131, 0.148, 0.15, 0.206, 0.196, 0.182, 0.204, 0.185, 0.214, 0.224, 0.202, 0.241, 0.228, 0.256, 0.239, 0.313, 0.306, 0.296, 0.335, 0.32, 0.307, 0.325, 0.341, 0.395, 0.361, 0.353, 0.35, 0.341, 0.353, 0.359, 0.355, 0.402, 0.373, 0.381, 0.422, 0.421, 0.42, 0.464, 0.44, 0.463, 0.472, 0.503, 0.546, 0.594, 0.588, 0.623, 0.706, 0.751, 0.751, 0.661, 0.617, 0.725, 0.652, 0.606, 0.63, 0.591, 0.581, 0.587, 0.566, 0.561, 0.525, 0.556, 0.549, 0.533, 0.524, 0.524, 0.526, 0.562, 0.6, 0.572, 0.482, 0.451, 0.432, 0.442, 0.477, 0.491, 0.58, 0.536, 0.646, 0.604, 0.639, 0.572, 0.626, 0.549, 0.591, 0.638, 0.619, 0.651, 0.608, 0.609, 0.69, 0.677, 0.666, 0.647, 0.604, 0.649, 0.701, 0.876, 0.892, 0.845, 0.826, 0.791, 0.78, 0.805, 0.765, 0.685, 0.642, 0.681, 0.668, 0.661, 0.617, 0.58, 0.621, 0.633, 0.641, 0.678, 0.676, 0.747, 0.731, 0.71, 0.693, 0.631, 0.738, 0.702, 0.754, 0.777, 0.808, 0.88, 0.89, 0.808, 0.805, 0.838, 0.909, 0.863, 0.901, 1.0, 0.936, 0.853, 0.932, 0.951, 0.942, 0.934, 0.923, 0.938, 0.971, 0.946, 0.927, 0.932, 0.913, 0.904, 0.863, 0.817, 0.857, 0.851]	ZAR	CCY	ZAR=X	17.517	1070236800	4.0	17.517	17.5122	17.3925	17.5363	17.5122	17.3925	17.5363	17.0289	19.37943	17.593876	18.314987	17.4806	17.4718		86400	Europe/London	GMT	c89b7ca2-37c5-344c-9244-af46098a75d6	True	['Open', 'High', 'Low', 'Close', 'Volume', 'Dividends', 'Stock Splits']
